CREATE DATABASE  IF NOT EXISTS `sgr` /*!40100 DEFAULT CHARACTER SET utf8 */;
USE `sgr`;
-- MySQL dump 10.13  Distrib 5.6.11, for Win32 (x86)
--
-- Host: localhost    Database: sgr
-- ------------------------------------------------------
-- Server version	5.6.13-log

/*!40101 SET @OLD_CHARACTER_SET_CLIENT=@@CHARACTER_SET_CLIENT */;
/*!40101 SET @OLD_CHARACTER_SET_RESULTS=@@CHARACTER_SET_RESULTS */;
/*!40101 SET @OLD_COLLATION_CONNECTION=@@COLLATION_CONNECTION */;
/*!40101 SET NAMES utf8 */;
/*!40103 SET @OLD_TIME_ZONE=@@TIME_ZONE */;
/*!40103 SET TIME_ZONE='+00:00' */;
/*!40014 SET @OLD_UNIQUE_CHECKS=@@UNIQUE_CHECKS, UNIQUE_CHECKS=0 */;
/*!40014 SET @OLD_FOREIGN_KEY_CHECKS=@@FOREIGN_KEY_CHECKS, FOREIGN_KEY_CHECKS=0 */;
/*!40101 SET @OLD_SQL_MODE=@@SQL_MODE, SQL_MODE='NO_AUTO_VALUE_ON_ZERO' */;
/*!40111 SET @OLD_SQL_NOTES=@@SQL_NOTES, SQL_NOTES=0 */;

--
-- Table structure for table `ieadam_area`
--

DROP TABLE IF EXISTS `ieadam_area`;
/*!40101 SET @saved_cs_client     = @@character_set_client */;
/*!40101 SET character_set_client = utf8 */;
CREATE TABLE `ieadam_area` (
  `id_area` bigint(20) NOT NULL,
  `data_ultima_atualizacao` date DEFAULT NULL,
  `nome` varchar(60) NOT NULL,
  `situacao` char(1) NOT NULL,
  `id_nucleo` int(11) DEFAULT NULL,
  `id_pastor` int(11) DEFAULT NULL,
  PRIMARY KEY (`id_area`)
) ENGINE=InnoDB DEFAULT CHARSET=utf8;
/*!40101 SET character_set_client = @saved_cs_client */;

--
-- Dumping data for table `ieadam_area`
--

LOCK TABLES `ieadam_area` WRITE;
/*!40000 ALTER TABLE `ieadam_area` DISABLE KEYS */;
INSERT INTO `ieadam_area` VALUES (0,'2010-11-27','ÁREA 0                        ','A',0,2254),(1,'2011-09-27','AREA 1- TEMPLO CENTRAL - ZS   ','A',1,6963),(2,'2011-09-27','AREA 2 - SÃO JORGE - ZO       ','A',13,655),(3,'2011-09-27','AREA 3 - RAIZ - ZS            ','A',2,7252),(4,'2011-09-27','AREA 4 - COMPENSA II - ZO     ','A',14,7326),(5,'2011-10-18','AREA 05 - PETRÓPOLIS- ZS      ','A',3,7381),(6,'2011-10-18','AREA 06 - ALVORADA - ZO       ','A',16,482),(7,'2011-10-18','ÁREA 7 - PARQUE DEZ - ZS      ','A',8,20896),(8,'2011-10-18','AREA 8 - REDENÇÃO - ZO        ','A',15,15363),(9,'2011-10-18','AREA 9 - ISRAEL - ZN          ','A',18,13806),(10,'2011-10-18','AREA 10 - TARUMÃ - ZO         ','A',19,15565),(11,'2011-10-18','AREA 11 - COROADO - ZL        ','A',4,6970),(12,'2011-10-18','AREA 12 - SÃO JOSÉ - ZL       ','A',5,10646),(13,'2011-10-18','AREA 13 -CIDADE NOVA - ZN     ','A',17,1977),(14,'2009-10-27','AREA 14                       ','A',23,16133),(15,'2001-11-23','AREA 15                       ','A',6,495),(16,'2001-11-23','AREA 16                       ','A',10,1677),(17,'2006-07-04','AREA 17                       ','A',23,24154),(18,'2003-10-03','AREA 18                       ','A',20,7434),(19,'2006-06-23','AREA 19                       ','A',11,3497),(20,'2005-09-19','AREA 20                       ','A',12,18912),(21,'2001-11-23','AREA 21                       ','A',21,7529),(22,'2001-11-22','AREA 22                       ','A',9,1449),(23,'2001-11-23','AREA 23                       ','A',3,5496),(24,'2009-10-27','AREA 24                       ','A',7,27971),(25,'2010-11-16','EDUCANDOS                     ','A',2,38747),(26,'2001-11-23','AREA 26                       ','A',21,364),(27,'2001-11-23','AREA 27                       ','A',11,9764),(28,'2008-08-29','AREA 28                       ','A',13,23453),(29,'2011-04-15','AREA 29                       ','A',14,13632),(30,'2008-10-01','AREA 30                       ','A',26,823),(31,'2004-02-23','AREA 31                       ','A',24,7903),(32,'2001-11-23','AREA 32                       ','A',10,10552),(33,'2013-01-22','AREA 33                       ','A',10,20965),(34,'2013-01-31','AREA 34                       ','A',24,20651),(35,'2001-11-23','AREA 35                       ','A',7,11455),(36,'2001-11-23','AREA 36                       ','A',6,1832),(37,'2011-05-03','AREA 37                       ','A',9,13486),(38,'2010-10-13','AREA 38                       ','A',22,3547),(39,'2008-04-23','AREA 39                       ','A',14,7026),(40,'2001-11-23','AREA 40                       ','A',16,9518),(41,'2007-10-08','AREA 41                       ','A',3,686),(42,'2008-09-18','TABOCAL                       ','A',6,37729),(43,'2011-10-20','AREA 43                       ','A',1,42261),(44,'2011-05-13','AREA 44                       ','A',7,57271),(45,'2009-01-27','45                            ','A',2,32737),(46,'2001-11-23','AREA 46                       ','A',16,4623),(47,'2012-05-22','AREA 47                       ','A',11,18726),(48,'2005-09-19','AREA 48                       ','A',20,5747),(49,'2001-11-23','AREA 49                       ','A',4,14933),(50,'2001-11-07','AREA 50','A',23,10432),(51,'2002-01-03','AREA 51                       ','A',12,2155),(52,'2013-01-21','ÁREA 52 - CIDADE DE DEUS      ','A',22,3104),(53,'2005-08-10','AREA 53                       ','A',11,582),(54,'2006-06-23','AREA 54                       ','A',9,7292),(55,'2008-10-10','55 - PARQUE DAS LARANJEIRAS II','A',8,45206),(56,'2012-12-31','AREA 56                       ','A',14,29802),(57,'2001-11-23','AREA 57                       ','A',7,1707),(58,'2007-07-23','AREA 58                       ','A',1,8042),(59,'2010-01-26','AREA 59                       ','A',1,26466),(60,'2001-11-23','AREA 60                       ','A',20,16077),(61,'2001-11-23','AREA 61                       ','A',7,588),(62,'2009-01-05','AREA 62                       ','A',10,15960),(63,'2006-09-18','AREA 63                       ','A',8,1501),(64,'2012-10-18','AREA 64 - ZL                  ','A',10,11066),(65,'2002-11-21','AREA 65                       ','A',23,33086),(66,'2002-11-21','AREA 66                       ','A',23,8382),(67,'2011-10-19','AREA 67                       ','A',5,6325),(68,'2011-05-23','VITÓRIA RÉGIA                 ','A',13,3997),(69,'2001-11-23','AREA 69                       ','A',4,14283),(70,'2001-11-23','AREA 70                       ','A',4,4813),(71,'2001-12-27','AREA 71                       ','A',17,7323),(72,'2010-10-13','AREA 72                       ','A',17,2079),(73,'2001-11-23','AREA 73                       ','A',12,24427),(74,'2002-09-20','AREA 74                       ','A',12,4530),(75,'2010-03-12','AREA 75                       ','A',24,36035),(76,'2008-11-27','AREA 76                       ','A',24,43179),(77,'2008-10-01','AREA 77                       ','A',25,14086),(78,'2001-11-23','AREA 78                       ','A',17,9938),(79,'2003-06-11','AREA 79                       ','A',15,2719),(80,'2002-01-04','ÁREA 80                       ','A',15,12017),(81,'2009-10-27','AREA 81                       ','A',16,10866),(82,'2008-07-30','AREA 82 - PARQUE 10           ','A',8,4026),(83,'2001-11-23','AREA 83                       ','A',19,7732),(84,'2001-12-27','AREA 84                       ','A',23,6628),(85,'2001-11-07','AREA 85','A',23,10695),(86,'2003-06-11','AREA 86                       ','A',23,37069),(87,'2001-12-18','AREA 87                       ','A',22,4413),(88,'2002-10-18','AREA 88                       ','A',22,27316),(89,'2011-04-25','AREA 89                       ','A',22,63221),(90,'2001-11-23','AREA 90                       ','A',5,7465),(91,'2010-06-17','AREA 91                       ','A',5,116942),(92,'2007-01-18','AREA 92                       ','A',14,1668),(93,'2005-05-02','AREA 93                       ','A',18,101167),(94,'2011-12-22','AREA 94                       ','A',21,147023),(95,'2011-02-02','AREA 95                       ','A',12,70609),(96,'2001-11-19','AREA 96                       ','A',24,22747),(97,'2007-07-23','AREA 97                       ','A',18,9033),(98,'2001-11-23','AREA 98                       ','A',3,8802),(99,'2001-12-18','AREA 99                       ','A',2,3704),(100,'2009-01-05','AREA 100                      ','A',2,34433),(101,'2001-11-23','AREA 101                      ','A',10,4281),(102,'2001-11-23','AREA 102                      ','A',10,7613),(103,'2001-11-23','AREA 103                      ','A',11,12073),(104,'2012-12-28','AREA 104                      ','A',11,32226),(105,'2009-08-25','AREA 105                      ','A',5,12721),(106,'2009-10-28','ÁREA 106                      ','A',3,22630),(107,'2011-09-27','ÁREA 107 - AMAZ. MENDES - ZN  ','A',21,304),(108,'2002-09-24','ÁREA 108                      ','A',17,21615),(109,'2009-09-21','ÁREA 109                      ','A',8,88944),(110,'2008-07-30','ÁREA 110  - PRIMAVERA         ','A',8,19241),(111,'2008-07-30','ÁREA 111                      ','A',13,9132),(112,'2002-05-11','ÁREA 112                      ','A',19,3830),(113,'2002-10-15','ÁREA 113                      ','A',22,27677),(114,'2008-08-29','ÁREA 114                      ','A',14,8007),(115,'2009-10-27','ÁREA 115                      ','A',18,10286),(116,'2008-10-01','ÁREA 116                      ','A',25,22189),(117,'2011-03-21','ÁREA 117                      ','A',25,24213),(118,'2008-10-14','ÁREA 118                      ','A',10,19104),(119,'2005-09-09','ÁREA 119                      ','A',12,41672),(120,'2005-01-05','ÁREA 120                      ','A',6,9762),(121,'2005-01-07','ÁREA 121                      ','A',19,44348),(122,'2005-01-05','ÁREA 122                      ','A',13,3235),(123,'2011-03-25','ÁREA 123                      ','A',24,129067),(124,'2007-07-23','ÁREA 124                      ','A',3,22073),(125,'2005-06-23','ÁREA 125                      ','A',22,27862),(126,'2011-04-11','ÁREA 126                      ','A',5,14431),(127,'2012-09-17','ÁREA 127                      ','A',25,88117),(128,'2012-03-21','ÁREA 128                      ','A',25,2965),(129,'2009-01-12','ÁREA 129                      ','A',25,22879),(130,'2008-10-01','ÁREA 130                      ','A',25,47451),(131,'2009-12-22','ÁREA 131                      ','A',19,36108),(132,'2012-06-11','AREA 132                      ','A',25,56959),(133,'2005-10-05','ÁREA 133                      ','A',10,14365),(134,'2005-11-04','ÁREA 134','A',12,37905),(135,'2011-05-25','ÁREA 135                      ','A',19,10717),(136,'2005-10-01','ÁREA 136                      ','A',19,23469),(137,'2006-11-25','ÁREA 137                      ','A',20,16923),(138,'2012-12-20','ÁREA 138                      ','A',23,10592),(139,'2012-07-18','ÁREA 139                      ','A',26,30642),(140,'2008-10-01','ÁREA 140                      ','A',26,11717),(141,'2011-04-11','ÁREA 141 - CHICO MENDES       ','A',11,73196),(142,'2006-06-26','ÁREA 142                      ','A',12,26630),(143,'2005-10-13','ÁREA 143                      ','A',12,29366),(144,'2008-10-01','ÁREA 144                      ','A',25,10592),(145,'2007-07-25','ÁREA 145                      ','A',5,63742),(146,'2009-06-29','ÁREA 146                      ','A',17,45777),(147,'2011-04-11','ÁREA 147                      ','A',19,16063),(148,'2007-09-25','ÁREA 148                      ','A',3,7072),(149,'2012-12-31','ÁREA 149                      ','A',19,12913),(150,'2007-07-23','ÁREA 150                      ','A',6,12310),(151,'2009-10-27','ÁREA 151                      ','A',18,30346),(152,'2007-09-26','ÁREA 152                      ','A',5,3597),(153,'2007-10-02','ÁREA 153                      ','A',11,45348),(154,'2008-05-12','AREA 154                      ','A',5,10782),(155,'2008-10-01','ÁREA 155                      ','A',25,26582),(156,'2012-12-31','ÁREA 156 - TORQ. TAPAJÓS - ZO ','A',15,11111),(157,'2010-11-01','ÁREA 157 - SÃO GERALDO        ','A',13,80484),(158,'2008-05-12','AREA 158-MATOS AREOSA         ','A',14,4846),(159,'2012-12-31','AREA 159                      ','A',14,7543),(160,'2013-02-04','ÁREA 160 - PQ. DAS NAÇÕES     ','A',24,25386),(161,'2008-08-29','BRASILEIRINHO                 ','A',12,20503),(162,'2008-09-03','SANTA RITA                    ','A',14,7963),(163,'2010-08-07','AREA 163                      ','A',14,6485),(164,'2008-08-29','SÃO RAIMUNDO                  ','A',13,11375),(165,'2008-10-01','UMARIZAL                      ','A',13,14785),(166,'2009-12-17','ÁREA 166                      ','A',4,12580),(167,'2011-03-01','ÁREA 167                      ','A',4,10024),(168,'2010-02-24','168 - OURO VERDE              ','A',4,22104),(169,'2008-10-01','OURO VERDE*                   ','A',4,86584),(170,'2012-05-04','ÁREA 170                      ','A',4,55892),(171,'2012-12-07','ÁREA 171 - EMANUELE           ','A',4,61552),(172,'2008-12-11','172                           ','A',4,18957),(173,'2012-06-01','ÁREA 173                      ','A',9,839),(174,'2009-10-09','174                           ','A',9,26452),(175,'2010-04-22','ÁREA 175 - CONQUISTA*         ','A',21,57516),(176,'2009-10-02','176 - CONQUISTA**             ','A',21,12956),(177,'2008-10-01','AREA 177                      ','A',21,58672),(178,'2008-10-10','ÁREA 178                      ','A',21,22744),(179,'2008-10-10','ÁREA 179                      ','A',21,29031),(180,'2010-12-23','180 - AMAZ. MENDES            ','A',21,48131),(181,'2008-10-10','181 - SANTO AGOSTINHO         ','A',14,27525),(182,'2008-12-11','182                           ','A',14,29601),(183,'2008-12-11','183                           ','A',14,35856),(184,'2008-10-10','184 - NOVA CONQUISTA          ','A',5,36084),(185,'2008-10-10','185 - SÃO LUCAS               ','A',5,70234),(186,'2008-10-10','186 - COLONIA TERRA NOVA II   ','A',23,22002),(187,'2008-10-10','187 - CAMPOS ELÍSEOS          ','A',26,13566),(188,'2009-04-20','ÁREA 188                      ','A',22,51517),(189,'2008-10-10','189 - CANARANAS               ','A',22,13505),(190,'2008-10-10','190 - CONJUNTO CIDADÃO        ','A',22,68497),(191,'2012-09-12','191 - PARQUE DAS NAÇÕES**     ','A',24,87877),(192,'2011-03-16','ÁREA JARDIM PETRÓPOLIS        ','A',3,147500),(193,'2008-12-11','193                           ','A',20,20586),(194,'2008-12-11','194                           ','A',20,18377),(195,'2008-12-26','195                           ','A',19,32927),(196,'2009-01-05','ÁREA 196                      ','A',22,56069),(197,'2009-02-10','AREA 197                      ','A',19,44350),(198,'2009-10-27','ÁREA 198 - APARECIDA          ','A',7,17019),(199,'2009-04-14','ÁREA 199                      ','A',24,19762),(200,'2010-04-30','ÁREA 200                      ','A',24,22895),(201,'2009-04-14','ÁREA 201 - JARDIM RAQUEL      ','A',23,17917),(202,'2009-09-14','CONJUNTO CIDADÃO VII          ','A',25,56358),(203,'2009-08-04','ÁREA 203 - ALEIXO             ','A',7,34088),(204,'2009-09-11','AREA 204                      ','A',8,29130),(205,'2009-10-02','ÁREA 205                      ','A',8,46029),(206,'2009-10-02','ÁREA 206                      ','A',8,48501),(207,'2011-03-25','ÁREA 207                      ','A',8,15074),(208,'2009-10-02','ÁREA 208                      ','A',10,18682),(209,'2009-09-14','ÁREA 209                      ','A',10,17492),(210,'2009-11-18','AREA 210                      ','A',2,17022),(211,'2009-11-27','CACHOEIRINHA II               ','A',2,6356),(212,'2010-01-04','ÁREA 212                      ','A',19,38364),(213,'2009-12-22','AREA 213                      ','A',19,23893),(214,'2012-05-25','ÁREA 214                      ','A',18,17989),(215,'2011-05-26','ÁREA 215                      ','A',18,51826),(216,'2010-01-18','ÁREA 216                      ','A',25,37949),(217,'2010-01-15','AREA 217                      ','A',25,16662),(218,'2009-12-22','ÁREA 218                      ','A',23,34807),(219,'2009-12-22','AREA 219                      ','A',23,80044),(220,'2009-12-22','ÁREA 220                      ','A',8,75445),(221,'2009-12-22','AREA 221                      ','A',21,9507),(222,'2012-02-01','ÀREA 222                      ','A',21,63008),(223,'2009-12-22','ÁREA 223                      ','A',13,32575),(224,'2011-08-26','ÁREA 224                      ','A',13,22367),(225,'2012-12-18','ÁREA 225 - SEM PASTOR         ','A',13,0),(226,'2009-12-22','ÁREA 226                      ','A',3,5613),(227,'2009-12-22','ÁREA 227                      ','A',3,25898),(228,'2009-12-22','ÁREA 228                      ','A',21,16937),(229,'2009-12-31','ÁREA 229                      ','A',11,8296),(230,'2010-01-25','ÁREA 230                      ','A',17,30610),(231,'2010-03-01','ÁREA 231                      ','A',10,14555),(232,'2009-12-22','ÁREA 232                      ','A',15,50344),(233,'2009-12-22','ÁREA 233                      ','A',15,3397),(234,'2010-02-08','ÁREA 234                      ','A',8,79534),(235,'2010-03-02','AREA 235                      ','A',10,1519),(236,'2011-05-19','ÁREA 236                      ','A',11,47492),(237,'2010-07-13','ÁREA 237                      ','A',25,33681),(238,'2011-08-08','ÁREA 238                      ','A',6,27305),(239,'2010-12-20','AREA 239                      ','A',24,12079),(240,'2010-05-31','ÁREA 240                      ','A',12,5926),(241,'2010-08-06','ÁREA 241                      ','A',22,28456),(242,'2010-07-08','ÁREA 242                      ','A',23,13155),(243,'2010-07-08','ÁREA 243                      ','A',23,11771),(244,'2010-07-08','ÁREA 244                      ','A',23,54460),(245,'2012-01-20','ÁREA 245 - ZN                 ','A',22,41762),(246,'2010-07-05','ÁREA 246                      ','A',21,94534),(247,'2011-06-28','AREA 247                      ','A',25,160849),(248,'2011-08-10','248-CIDADE DE DEUS            ','A',22,66893),(249,'2011-03-21','ÁREA 249                      ','A',22,2842),(250,'2011-03-28','AREA 250                      ','A',16,8310),(251,'2011-04-06','ÁREA 251                      ','A',12,873),(252,'2011-03-24','ÁREA 252 - SANTA INÊS         ','A',11,147822),(253,'2011-03-18','AREA 253                      ','A',11,2863),(254,'2011-03-17','ÁREA 254                      ','A',12,15498),(255,'2011-05-11','ÁREA 255 - ADRIANÓPOLIS I     ','A',7,26623),(256,'2011-03-18','ÁREA 256                      ','A',11,42009),(257,'2011-03-15','ÁREA 257                      ','A',5,70799),(258,'2011-04-13','AREA 258                      ','A',22,31627),(259,'2011-04-12','ÁREA 259                      ','A',22,63269),(260,'2011-04-12','ÁREA 260                      ','A',9,42592),(261,'2011-04-27','ÁREA 261                      ','A',9,147501),(262,'2011-04-19','ÁREA 262                      ','A',9,23883),(263,'2011-04-11','ÁREA 263                      ','A',22,22882),(264,'2011-06-21','ÁREA 264                      ','A',23,83535),(265,'2011-10-18','ÁREA 265 - ZONA LESTE         ','A',5,27091),(266,'2011-10-18','ÁREA 266 - M.DAS OLIVEIRAS-ZN ','A',23,71078),(267,'2011-10-19','ÁREA 267 - CARVALHO LEAL - ZS ','A',1,6025),(268,'2011-10-28','AREA 268 - ZS                 ','A',1,29048),(269,'2012-08-14','ÁREA 269                      ','A',8,7637),(270,'2011-10-31','ÁREA - 270                    ','A',8,63970),(271,'2012-08-14','ÁREA 271 AREA SEM PASTOR      ','A',17,16914),(272,'2011-12-22','ÁREA 272 - ZN                 ','A',23,32156),(273,'2012-01-03','ÁREA 273                      ','A',13,36660),(274,'2011-12-29','ÁREA - 274                    ','A',22,60130),(275,'2012-01-06','ÁREA 275                      ','A',19,41238),(276,'2012-01-06','ÁREA  276 COOPERATIVA         ','A',19,34117),(277,'2011-12-21','ÁREA 277                      ','A',21,36151),(278,'2012-01-02','ÁREA - 278/ ZN                ','A',21,45627),(279,'2012-01-24','ÁREA 279 - ZN                 ','A',21,18880),(280,'2011-12-22','ÁREA 280 - ZN                 ','A',23,37807),(281,'2012-07-03','ÁREA - 281- ZN                ','A',23,65791),(282,'2012-06-18','ÁREA 282                      ','A',23,46818),(283,'2012-06-26','ÁREA 283                      ','A',23,18560),(284,'2012-06-12','ÁREA- 284                     ','A',25,36947),(285,'2012-06-11','ÁREA - 285                    ','A',25,19815),(287,'2012-06-05','NUCLEO 23                     ','A',23,8345),(288,'2012-06-11','ARÉA - 288                    ','A',10,15157),(289,'2012-06-11','ARÉA- 289                     ','A',7,53447),(290,'2012-06-29','ÁREA 290                      ','A',7,5492),(291,'2012-07-17','ÁREA - 291                    ','A',14,141513),(292,'2012-07-19','ÁREA - 292                    ','A',14,10165),(293,'2012-08-10','ÀREA - 293                    ','A',14,86666),(294,'2012-12-21','ÁREA - 294 - ZL               ','A',4,50489),(295,'2012-12-21','ÁREA - 295 - ZL               ','A',4,101430),(296,'2012-08-02','ÁREA-296                      ','A',18,9230),(298,'2012-12-28','ÁREA 298                      ','A',4,79420),(299,'2012-12-28','AREA 299                      ','A',11,116318),(300,'2013-01-16','ÁREA 300                      ','A',2,24134),(302,'2012-12-31','ÁREA 302                      ','A',14,21083),(303,'2012-12-28','AREA 303                      ','A',11,76737),(304,'2013-01-03','ÁREA 304                      ','A',24,63669),(1078,'2001-11-23','ÁREA 107                      ','I',21,3497);
/*!40000 ALTER TABLE `ieadam_area` ENABLE KEYS */;
UNLOCK TABLES;

--
-- Table structure for table `ieadam_congregacao`
--

DROP TABLE IF EXISTS `ieadam_congregacao`;
/*!40101 SET @saved_cs_client     = @@character_set_client */;
/*!40101 SET character_set_client = utf8 */;
CREATE TABLE `ieadam_congregacao` (
  `id_congregacao` bigint(20) NOT NULL,
  `bairro` varchar(60) DEFAULT NULL,
  `cep` varchar(15) DEFAULT NULL,
  `data_cadastro` date DEFAULT NULL,
  `data_fundacao` date DEFAULT NULL,
  `data_ultima_atualizacao` date DEFAULT NULL,
  `endereco` varchar(60) DEFAULT NULL,
  `nome` varchar(60) DEFAULT NULL,
  `situacao` char(1) DEFAULT NULL,
  `telefone` varchar(30) DEFAULT NULL,
  `id_area` bigint(20) DEFAULT NULL,
  `cidade` varchar(60) DEFAULT NULL,
  `id_dirigente` int(11) DEFAULT NULL,
  PRIMARY KEY (`id_congregacao`),
  KEY `FK_sedg9bm0l7hij9t49c0mpju8k` (`id_area`)
) ENGINE=InnoDB DEFAULT CHARSET=utf8;
/*!40101 SET character_set_client = @saved_cs_client */;

--
-- Dumping data for table `ieadam_congregacao`
--

LOCK TABLES `ieadam_congregacao` WRITE;
/*!40000 ALTER TABLE `ieadam_congregacao` DISABLE KEYS */;
INSERT INTO `ieadam_congregacao` VALUES (0,'Centro','69020-140 ','2008-04-09','1918-01-01','2010-11-27','Rua Duque de Caxias, 340                                    ','Secretaria Geral','A','3234-8804                ',0,'MANAUS                                            ',2254),(1,'Centro','69020.140 ','2008-03-24','1918-01-01','2011-06-10','Rua Duque de Caxias Nº 340                                  ','Templo Central','A','3234-8804                ',1,'MANAUS                                            ',6963),(2,'Presidente Vargas*            ','69.025-31 ','2006-07-26','1943-04-14','2013-01-25','Rua Boa Sorte, nº 68                                        ','Boa Sorte','A','                         ',44,'MANAUS                                            ',21482),(3,'São Francisco                 ','69079-020 ','2008-04-28','1954-05-26','2012-05-07','Rua General Carneiro, 164                                   ','São Francisco I','A','                         ',41,'MANAUS                                            ',48470),(4,'Petrópolis','69.063-01 ','2006-07-26','1976-05-29','2012-04-18','Rua Benjamin Constant Nº 498                                ','Petrópolis I','A','                         ',5,'MANAUS                                            ',64224),(5,'Educandos','69.074-53 ','2006-07-26','1967-07-11','2008-11-26','Av. Bento José de Lima, 67                                  ','Educandos I','A','                         ',25,'MANAUS                                            ',38747),(6,'Raiz','69.075-70 ','2006-07-26','1958-06-01','2011-11-30','Av. Costa e Silva Nº 1161                                   ','Raiz I','A','                         ',3,'MANAUS                                            ',41310),(7,'Aleixo','69.060-09 ','2008-04-09','1962-02-15','2012-05-21','Rua Santa Cláudia, 137                                      ','Aleixo I','A','                         ',61,'MANAUS                                            ',23684),(8,'São Jorge','69.033-04 ','2008-04-03','1964-05-01','2009-04-29','Rua Stanislau Afonso Nº 168                                 ','São Jorge I','A','3673-8515                ',2,'MANAUS                                            ',33371),(9,'Betânia','69.073-02 ','2006-07-26','1986-03-09','2009-03-25','Rua do Cruzeiro, 541                                        ','Betânia I','A','                         ',22,'MANAUS                                            ',29472),(10,'Santo Antonio','69029-400 ','2008-04-09','1966-11-20','2012-01-06','Rua Umarizal, 35                                            ','Umarizal','A','                         ',165,'MANAUS                                            ',36091),(11,'Colônia Oliveira Machado*     ','69000-000 ','2008-04-23','1966-01-23','2008-08-28','Rua Arsenal de Marinha, 514                                 ','Colônia Oliveira Machado I','A','3629-2748                ',45,'MANAUS                                            ',29894),(12,'São Lázaro','69073-130 ','2008-01-15','1977-06-14','2012-04-12','Rua 9 de Maio, 419                                          ','São Lázaro','A','                         ',54,'MANAUS                                            ',121287),(13,'Alvorada I                    ','69.043-05 ','2005-09-14','1969-05-24','2010-04-26','Avenida B Nº 25                                             ','Alvorada I','A','                         ',6,'MANAUS                                            ',14562),(14,'Santo Agostinho','69.036-50 ','2008-04-09','1984-11-05','2013-01-10','Av. Liberdade, 407                                          ','Santo Agostinho I','A','8134-8389                ',29,'MANAUS                                            ',76577),(15,'Adrianópolis                  ','69000-000 ','2005-03-10','1971-05-24','2012-06-29','Rua Santa Helena, 07                                        ','Parque 10 V-8','A','                         ',290,'MANAUS                                            ',5492),(16,'Lagoa Verde','69073-130 ','2006-02-06','1971-07-12','2012-03-05','Rua 09 de Maio, 138                                         ','Lagoa Verde','A','                         ',54,'MANAUS                                            ',117844),(17,'Alvorada II','69.043-22 ','2005-02-15','1972-11-10','2012-06-18','Rua 9 Nº 336                                                ','Alvorada II','A','                         ',6,'MANAUS                                            ',93838),(18,'Compensa II','69035-570 ','2005-06-08','1972-08-21','2012-06-26','Rua Pedro Eliziário, nº 550                                 ','Compensa I','A','                         ',4,'MANAUS                                            ',5114),(19,'Compensa II','69.036-10 ','2001-12-28','1973-01-01','2012-06-26','Rua Belo Horizonte Nº 301                                   ','Compensa II','A','                         ',4,'MANAUS                                            ',37323),(20,'Alvorada III','69037-000 ','2008-04-09','1973-01-20','2013-01-02','Rua 11 Nº 428                                               ','Alvorada III','A','                         ',46,'MANAUS                                            ',47120),(21,'Coroado II','69080-272 ','2006-02-10','1973-12-15','2011-04-20','Rua Prof. R.Magalhães, 275                                  ','Coroado II','A','                         ',172,'MANAUS                                            ',18957),(22,'Japiim I','69078-560 ','2005-02-14','1973-03-18','2012-05-16','Rua Américo Alvarez, nº 120                                 ','Japiim I','A','                         ',23,'MANAUS                                            ',8708),(23,'Petrópolis','69.078-00 ','2003-10-08','1973-10-01','2012-05-07','Rua Nova Olinda Nº 01                                       ','Petrópolis II','A','                         ',5,'MANAUS                                            ',29449),(24,'Coroado I','69.080-00 ','2007-05-29','1974-02-22','2010-04-05','Rua Presidente Médici, 208                                  ','Coroado I','A','                         ',69,'MANAUS                                            ',26651),(25,'Compensa II','69035-300 ','2008-03-20','1973-10-23','2010-11-16','Rua Santa Rita Nº 205                                       ','Compensa III','A','                         ',162,'MANAUS                                            ',7963),(26,'Santo Antonio','69030-001 ','2007-01-15','1973-01-01','2010-01-14','Rua Rio Branco, 890                                         ','Santo Antonio II','A','                         ',28,'MANAUS                                            ',114762),(27,'Coroado IV','69.082-00 ','2002-11-09','1975-06-29','2008-08-28','Rua Santo Agostinho, 118                                    ','Coroado IV','A','                         ',11,'MANAUS                                            ',117049),(28,'Coroado III','69.082-07 ','2006-03-14','1976-07-02','2008-10-01','Rua 16 de Julho, 26                                         ','Coroado III','A','                         ',166,'MANAUS                                            ',12580),(29,'Morro da Liberdade','69.074-71 ','2008-04-09','1975-01-28','2012-12-06','Rua Custódio C. Lima, 153                                   ','Morro da Liberdade I','A','3629-4758                ',100,'MANAUS                                            ',170097),(30,'Praça 14','69.065-05 ','2008-02-18','1975-10-15','2011-10-20','Rua Parintins, 12                                           ','Parintins','A','                         ',43,'MANAUS                                            ',42261),(31,'Chapada','69.050-10 ','2008-04-09','1975-11-20','2012-06-26','Rua do Pensador Nº 154                                      ','Chapada','A','3236-6613                ',234,'MANAUS                                            ',107047),(32,'São Raimundo','69.027-00 ','2005-06-10','1976-01-11','2010-11-22','Av. Rio Branco, 572                                         ','São Raimundo','A','                         ',164,'MANAUS                                            ',11375),(33,'Aparecida','69.010-12 ','2005-06-10','1976-11-22','2011-07-12','Rua Ramos Ferreira, 118-A                                   ','Ramos Ferreira','A','                         ',198,'MANAUS                                            ',92962),(34,'Redenção','69.047-04 ','2007-11-28','1977-01-02','2012-10-09','Rua Miraselva Nº 2175                                       ','Redenção I','A','                         ',8,'MANAUS                                            ',147781),(35,'Alvorada II','69.042-08 ','2004-09-15','1977-05-23','2013-01-18','Rua 02 Nº 416                                               ','Alvorada IV                                       ','A','                         ',46,'MANAUS                                            ',4623),(36,'Flores','69.043-57 ','2004-08-09','1983-12-24','2008-09-02','Rua Natal Nº 01                                             ','Alvorada V','A','                         ',6,'MANAUS                                            ',4301),(37,'Nossa Senhora das Graças      ','69053-001 ','2005-04-12','1977-06-11','2012-07-02','Rua Javari, 54                                              ','Djalma Batista','A','                         ',289,'MANAUS                                            ',53447),(38,'Japiim I','69078-080 ','2006-01-12','1978-01-15','2012-01-03','Travessa Nova Olinda, 60                                    ','Japiinlândia I','A','                         ',124,'MANAUS                                            ',24658),(39,'Glória','69030-000 ','2008-04-04','1978-02-03','2012-05-10','Rua Osvaldo Cruz, 133                                       ','Glória','A','3673-5797                ',122,'MANAUS                                            ',12810),(40,'Compensa II','69.035-11 ','2008-04-25','1978-08-25','2013-01-29','Rua Matos Areosa, 252                                       ','Compensa IV                                       ','A','                         ',158,'MANAUS                                            ',32853),(41,'Vila da Prata','69033-000 ','2007-04-02','1978-11-15','2012-05-14','Rua Guanabara Nº 08                                         ','Vila da Prata','A','                         ',2,'MANAUS                                            ',50175),(42,'Santa Luzia','69070-000 ','2008-04-09','1978-11-25','2010-03-12','Rua Santa Rita, nº 63                                       ','Santa Luzia','A','3624-5141                ',99,'MANAUS                                            ',93943),(43,'Dom Pedro II','69.040-01 ','2008-04-09','1977-07-03','2008-09-02','Rua Francisca Orelana, 88 B                                 ','Dom Pedro I','A','                         ',40,'MANAUS                                            ',49229),(44,'Petrópolis','69.063-43 ','2004-08-09','1979-10-15','2012-04-18','Rua Bento Brasil Nº 76                                      ','Bento Brasil','A','                         ',5,'MANAUS                                            ',105434),(45,'Flores','69000-000 ','2006-02-06','1980-08-12','2012-05-31','Rua Vitória, 101 - cj. Beija-flor II                        ','Colônia Santo Antonio I','A','                         ',76,'MANAUS                                            ',43179),(46,'Santo Antonio','69.000-00 ','2008-01-23','1980-09-23','2010-12-29','Rua Padre José Francisco, 266                               ','Santo Antonio I','A','                         ',28,'MANAUS                                            ',14323),(47,'Compensa I','69.030-20 ','2008-04-25','1981-07-05','2009-10-21','Rua Tiradentes, 133                                         ','Compensa V','A','                         ',39,'MANAUS                                            ',2686),(48,'São José I','69.085-07 ','2008-01-14','1981-09-04','2012-01-09','Rua Rosarinho, 08                                           ','São José I','A','                         ',12,'MANAUS                                            ',36140),(49,'Vila Amazonas                 ','69.000-00 ','2008-04-22','1982-04-05','2012-09-13','Rua Nova, 26                                                ','Vila Amazonas','A','                         ',35,'MANAUS                                            ',11455),(50,'Nova Esperança','69.042-09 ','2007-02-08','1982-05-05','2011-11-09','Rua 10 Nº 479 -  Alvorada III                               ','Nova Esperança I','A','                         ',48,'MANAUS                                            ',13447),(51,'Redenção','69047-110 ','2006-02-06','1982-06-01','2008-09-02','Rua Goiânia Nº 498                                          ','Redenção II','A','                         ',80,'MANAUS                                            ',44104),(52,'União','69.050-67 ','2006-10-11','1982-11-01','2013-01-02','Rua 02 de Agosto, 134                                       ','União I','A','                         ',63,'MANAUS                                            ',48059),(53,'Nova Esperança','69.037-84 ','2007-07-27','1982-11-18','2010-07-08','Rua Marivaldo Pereira Nº 40                                 ','Nova Esperança III','A','                         ',137,'MANAUS                                            ',23796),(54,'Compensa I','69000-000 ','2008-04-22','1983-01-10','2012-12-31','Via Local Sul B, nº 36                                      ','Parque Aruanã','A','                         ',159,'MANAUS                                            ',7543),(55,'Planalto','69.000-00 ','2008-02-18','1983-04-23','2012-08-01','Av. Central, 933                                            ','Ajuricaba','A','                         ',30,'MANAUS                                            ',21826),(56,'Lírio do Vale                 ','69.038-19 ','2008-01-09','1981-01-04','2008-09-18','Rua Guanabara nº 17                                         ','Lírio do Vale I','A','                         ',18,'MANAUS                                            ',12053),(57,'Cidade Nova I','69016-300 ','2006-02-06','1983-08-08','2008-09-18','Avenida Noel Nutels Nº 06                                   ','Cidade Nova I','A','3648-1952                ',13,'MANAUS                                            ',6320),(58,'Mauazinho','69.075-41 ','2008-04-29','1983-09-19','2012-10-23','Av. Rio Negro Nº 104                                        ','Mauá I','A','                         ',16,'MANAUS                                            ',32577),(59,'São José II','69085-000 ','2005-06-06','1994-11-17','2009-04-29','Rua 06, 98                                                  ','São José II','A','                         ',27,'MANAUS                                            ',59111),(60,'Flores','69.047-00 ','2007-06-19','1983-12-24','2012-06-15','Rua Eduardo Gomes Nº 11                                     ','Hiléia','A','                         ',80,'MANAUS                                            ',12651),(61,'São José III','69085-000 ','2007-02-13','1984-03-01','2008-08-29','Rua 01, nº 28                                               ','São José III','A','                         ',67,'MANAUS                                            ',25809),(62,'Japiim II                     ','69068-000 ','2007-03-07','1984-05-07','2011-05-10','Av. Penetração II, nº 1180                                  ','Japiim II','A','                         ',23,'MANAUS                                            ',42684),(63,'Raiz','69067-000 ','2007-04-03','1984-05-29','2008-10-03','Rua João  do Pulo, 02                                       ','Crespo I','A','                         ',173,'MANAUS                                            ',839),(64,'Compensa I','69035-070 ','2008-04-25','1983-10-06','2011-07-11','Rua São Sebastião, 242                                      ','Compensa VI','A','                         ',39,'MANAUS                                            ',70405),(65,'Santo Agostinho','69036-720 ','2008-04-10','1984-10-21','2011-12-07','Av. Rio Negro, 31                                           ','Santo Agostinho II','A','8137-2310                ',181,'MANAUS                                            ',60168),(66,'São José I - 2ª Etapa         ','69.000-00 ','2006-11-27','1984-11-09','2008-09-01','Rua Tarumã, 30                                              ','São José I - 2ª Etapa','A','                         ',27,'MANAUS                                            ',101039),(67,'Cachoeirinha','69.000-00 ','2007-12-10','1984-11-22','2011-10-28','Rua Belém Vila Operária, 28                                 ','Vila Operária','A','                         ',268,'MANAUS                                            ',17586),(68,'Santa Etelvina','69000-000 ','2008-04-03','1984-02-15','2011-01-21','Rua Santa Etelvina, 17                                      ','Santa Etelvina I','A','                         ',65,'MANAUS                                            ',162738),(69,'Redenção','69.047-43 ','2008-01-18','1985-01-03','2012-06-15','Rua Carauarí Nº 1551                                        ','Redenção III','A','                         ',80,'MANAUS                                            ',49710),(70,'Nova Esperança','69.042-08 ','2007-02-16','1985-11-30','2008-12-09','Rua Q Nº 20 Lírio do Vale                                   ','Nova Esperança II','A','                         ',137,'MANAUS                                            ',35454),(71,'Parque Dez','69.055-25 ','2008-02-12','1985-04-14','2012-06-11','Rua 7, Nº 243 - Cj. Castelo Branco                          ','Parque Dez','A','                         ',7,'MANAUS                                            ',19911),(72,'São Francisco                 ','69.079-00 ','2008-02-11','1985-05-19','2010-03-02','Rua Sobrinho Maranhão, 39                                   ','São Francisco II','A','                         ',41,'MANAUS                                            ',109533),(73,'Aleixo','69057-970 ','2006-02-06','1985-08-31','2012-12-28','Rua Maria Julia Pimentel, nº 25                             ','Emanuele                                          ','A','                         ',298,'MANAUS                                            ',79420),(74,'Bairro da PazI                ','69048-000 ','2007-03-02','1985-11-15','2011-05-18','Av. Esperança, nº 56                                        ','Bairro da Paz I','A','                         ',30,'MANAUS                                            ',58007),(75,'Compensa III','69035-000 ','2005-10-10','1998-01-01','2012-08-16','Rua do Bombeamento, 22                                      ','Vila Marinho I','A','                         ',56,'MANAUS                                            ',12913),(76,'Mauazinho','69075-771 ','2006-02-06','1986-01-06','2010-10-01','Av. Rio Negro,104                                           ','Mauá II','A','                         ',16,'MANAUS                                            ',3533),(77,'Colônia Santo Antonio','69.093-23 ','2007-11-21','1986-02-28','2012-01-03','Rua São Benedito, 23                                        ','Colônia Santo Antonio II','A','                         ',34,'MANAUS                                            ',27999),(78,'Aleixo','69.060-01 ','2007-06-12','1986-06-22','2010-05-20','Rua Gabriel Gonçalves, 438                                  ','Aleixo II','A','                         ',61,'MANAUS                                            ',22906),(79,'Flores','69.000-00 ','2007-03-08','1986-06-25','2013-01-10','Rua Elizabete, 20                                           ','Duque de Caxias                                   ','A','                         ',31,'MANAUS                                            ',61512),(80,'Cidade Nova II','69096-000 ','2006-02-06','1987-05-02','2008-09-18','Rua 91 Nº 58 Núcleo 12                                      ','Cidade Nova II','A','3645-1786                ',13,'MANAUS                                            ',22670),(81,'Petrópolis','69063-000 ','2008-04-09','1987-02-15','2012-01-03','Rua Campo Grande, nº 50                                     ','Japiinlândia II','A','                         ',124,'MANAUS                                            ',148441),(82,'Tancredo Neves I','69.085-00 ','2007-11-22','1987-05-01','2008-09-01','Avenida Autaz Mirim, 160                                    ','Tancredo Neves I','A','                         ',20,'MANAUS                                            ',17229),(83,'Cidade Nova II','69090-000 ','2006-02-06','1987-05-03','2008-09-18','Av. Noel Nutles, 511                                        ','Cidade Nova III','A','                         ',13,'MANAUS                                            ',41893),(84,'Zumbi I','69.084-28 ','2007-08-24','1987-09-10','2010-11-19','Rua Dr. Rezende, 84                                         ','Zumbi I','A','                         ',62,'MANAUS                                            ',51702),(85,'Lírio do Vale                 ','69038-600 ','2007-01-03','1988-01-24','2012-03-19','Rua 33 Quadra 50 Nº 51                                      ','Lírio do Vale II','A','                         ',60,'MANAUS                                            ',29229),(86,'Novo Israel','69.059-00 ','2007-03-08','1988-02-07','2011-04-18','Rua Fábio Lucena Nº 13                                      ','Novo Israel I','A','                         ',9,'MANAUS                                            ',71933),(87,'Tancredo Neves II','69.087-34 ','2008-04-09','1988-04-01','2011-06-09','Rua Dom Bosco, 20                                           ','Tancredo Neves II','A','                         ',142,'MANAUS                                            ',41733),(88,'Planalto','69044-370 ','2008-02-18','1988-06-12','2012-07-18','Rua Dr. Orlando Falcone, S/N                                ','Belvedere','A','                         ',139,'MANAUS                                            ',30642),(89,'Armando Mendes','69.089-00 ','2006-10-18','1990-12-30','2012-01-11','Rua N Qd. 50, 05                                            ','Armando Mendes I','A','                         ',32,'MANAUS                                            ',10994),(90,'Dom Pedro II','69.042-51 ','2008-04-09','1988-08-16','2008-09-02','Rua Nova Esperança, 95                                      ','Dom Pedro II','A','                         ',40,'MANAUS                                            ',7952),(91,'Bairro da Paz                 ','69048-382 ','2008-02-01','1988-12-31','2013-01-15','Rua 04, Nº 94                                               ','Bairro da Paz II','A','                         ',30,'MANAUS                                            ',81028),(92,'Ouro Verde','69.082-00 ','2007-10-26','1989-01-22','2010-10-20','Rua Nilo Geber, nº 04                                       ','Ouro Verde I','A','                         ',49,'MANAUS                                            ',68469),(93,'União','69.054-47 ','2008-03-27','1989-03-10','2013-01-02','Av. Amazonino Mendes, 38                                    ','União II','A','                         ',63,'MANAUS                                            ',61971),(94,'São José II','69.086-28 ','2008-04-09','1983-11-17','2010-04-05','Rua 27 Nº 30                                                ','São José IV','A','                         ',105,'MANAUS                                            ',8096),(95,'Novo Israel','69039-170 ','2008-04-03','1989-06-25','2011-08-31','Rua São Marcos Nº 55                                        ','Novo Israel II','A','3651-4246                ',97,'MANAUS                                            ',138222),(96,'Cidade Nova','69.094-47 ','2006-10-03','1989-08-26','2008-09-18','Rua 65 nucleo 04 nº 2A                                      ','Cidade Nova IV','A','                         ',108,'MANAUS                                            ',3586),(97,'Jorge Teixeira I              ','69000-000 ','2006-10-04','1990-01-10','2011-03-03','Rua dos Trevos, 07                                          ','Jorge Teixeira I','A','                         ',19,'MANAUS                                            ',72307),(98,'Flores','69312-260 ','2005-11-23','1975-10-12','2011-09-12','Av.Torquato Tapajós, Km 525                                 ','km 12','A','                         ',121,'MANAUS                                            ',49958),(99,'Colônia Terra Nova','69.059-00 ','2007-10-22','1990-05-02','2008-10-01','Avenida Chico Mendes Nº 114                                 ','Colônia Terra Nova I','A','                         ',9,'MANAUS                                            ',7920),(100,'Colônia Santo Antonio','69000-000 ','2007-01-24','1990-05-27','2013-01-10','Rua Rio Solimões 06 Lote 06                                 ','Colônia Santo Antonio III','A','                         ',93,'MANAUS                                            ',33871),(101,'Colônia Terra Nova','69093-479 ','2005-06-10','1990-06-04','2010-03-04','Av. Liberdade, s/nº                                         ','Colônia da Liberdade I','A','                         ',50,'MANAUS                                            ',11771),(102,'Tarumã*                       ','69000-000 ','2008-04-09','1998-01-01','2008-12-22','BR 174 Km 28                                                ','Ramal São João','A','                         ',131,'MANAUS                                            ',128888),(103,'Santa Etelvina','69059-000 ','2007-04-09','1990-06-11','2012-02-02','Rua Wanda Maria, nº 14                                      ','Santa Etelvina II','A','                         ',17,'MANAUS                                            ',65515),(104,'Alvorada I                    ','69.043-00 ','2008-04-09','1990-07-15','2009-04-09','Av Des. João Machado, Nº 694                                ','Alvorada VI','A','                         ',6,'MANAUS                                            ',44092),(105,'São Sebastião                 ','69.067-00 ','2006-12-06','1990-07-22','2012-09-26','Rua Rio Negro Nº 42                                         ','São Sebastião I','A','                         ',98,'MANAUS                                            ',59650),(106,'Jorge Teixeira IV*            ','69088-000 ','2008-04-09','1990-09-16','2011-12-29','Av. Itaúba, 84                                              ','Jorge Teixeira II','A','                         ',19,'MANAUS                                            ',23919),(107,'Petrópolis','69.000-00 ','2008-04-28','1990-10-26','2012-05-07','Rua Dona Raquel de Souza, 17                                ','São Francisco III','A','                         ',41,'MANAUS                                            ',18788),(108,'Zumbi II','69.000-00 ','2008-04-09','1990-10-14','2012-03-23','Rua Padre Rami,135                                          ','Zumbi XIX','A','                         ',62,'MANAUS                                            ',15960),(109,'Tarumã*                       ','69.090-00 ','2008-04-09','1983-03-06','2008-11-03','Ramal do Baiano Km 15                                       ','Mariano (desativada) 06/11/07 ','A','                         ',10,'MANAUS                                            ',37277),(110,'Redenção','69.047-04 ','2006-08-08','1990-11-02','2008-09-02','Travessa Miraselva Nº 23                                    ','Redenção IV','A','                         ',79,'MANAUS                                            ',84347),(111,'Santa Etelvina','69059-001 ','2006-02-06','1990-11-04','2008-09-18','Rua N S. de Fátima, nº 903                                  ','Santa Etelvina III','A','                         ',66,'MANAUS                                            ',31090),(112,'Zumbi II','69.000-00 ','2008-04-07','1990-11-04','2012-03-09','Rua Dra. Creuza Coelho, nº 30                               ','Zumbi II','A','                         ',33,'MANAUS                                            ',64958),(113,'Jorge Teixeira IV*            ','69088-400 ','2007-03-09','1991-01-05','2011-12-29','Rua dos Pinheiros , nº 87                                   ','Jorge Teixeira III','A','                         ',19,'MANAUS                                            ',60797),(114,'Cidade Nova III','69095-000 ','2005-06-15','1990-12-25','2011-07-26','Rua 170, nº 04, Núcleo 15                                   ','Cidade Nova V','A','                         ',72,'MANAUS                                            ',44377),(115,'Jerusalém','69.042-47 ','2008-04-09','1990-12-30','2008-09-02','Rua Domingos Jorge Velho, 04                                ','Parque Jerusalém I','A','                         ',40,'MANAUS                                            ',24167),(116,'Amazonino Mendes','69.099-09 ','2002-10-23','1990-12-30','2012-06-01','Rua 81 Qd. 76 S/N                                           ','Amazonino Mendes I','A','                         ',26,'MANAUS                                            ',101338),(117,'Zumbi III','69084-000 ','2007-02-01','1990-12-30','2013-01-28','Rua Amazonino Mendes, 04                                    ','Zumbi III','A','                         ',101,'MANAUS                                            ',44187),(118,'Parque das Laranjeiras        ','69.000-00 ','2006-07-03','1990-12-31','2009-06-25','Estrada dos Oficiais, 70                                    ','Beija-Flor','A','                         ',31,'MANAUS                                            ',26008),(119,'Amazonino Mendes','69000-000 ','2007-05-23','1990-12-30','2010-11-22','Rua 09 qd. 121, nº 39                                       ','Amazonino Mendes II','A','                         ',228,'MANAUS                                            ',58908),(120,'Santa Etelvina','69059-500 ','2006-05-08','1990-12-31','2012-02-01','Rua Jasmim, 151                                             ','Santa Etelvina IV','A','                         ',65,'MANAUS                                            ',122210),(121,'São Jorge','69033-000 ','2008-03-28','1991-03-10','2009-12-22','Rua Vicente T. Reis, nº 294                                 ','São Jorge II','A','3625-5131                ',224,'MANAUS                                            ',22367),(122,'Tarumã*                       ','69.049-00 ','2005-06-06','1988-09-07','2012-07-06','Estrada da Vivenda Verde KM 02                              ','Tarumã I','A','                         ',10,'MANAUS                                            ',164652),(123,'Tarumã*                       ','69.090-00 ','2008-04-09','1991-04-13','2011-09-09','Av. do turismo, 10100                                       ','Tarumã II','A','                         ',10,'MANAUS                                            ',6134),(124,'Conquista*                    ','69097-000 ','2006-06-02','1991-04-28','2008-10-03','Rua  Nazaré, nº 49                                          ','Conquista I','A','                         ',175,'MANAUS                                            ',57516),(125,'Vila da Felicidade            ','69.000-00 ','2004-01-05','1991-05-26','2013-01-21','Rua Jayth Chaves, 18                                        ','Vila da Felicidade                                ','A','8192-6265                ',64,'MANAUS                                            ',122644),(126,'Raiz','69.065-00 ','2008-04-09','1991-05-26','2012-05-29','Beco Ipiranga Nº 125                                        ','Raiz II','A','3613-7028                ',3,'MANAUS                                            ',7250),(127,'São Jorge','69.033-17 ','2008-04-23','1991-06-02','2011-05-23','Rua Santa Izabel Nº 115                                     ','Vitória Régia','A','                         ',68,'MANAUS                                            ',3997),(128,'Amazonino Mendes','69.000-00 ','2007-02-19','1991-06-16','2012-08-10','Rua 06, nº 720                                              ','Amazonino Mendes III','A','                         ',180,'MANAUS                                            ',52337),(129,'Amazonino Mendes','69098-730 ','2007-09-24','1991-07-28','2011-03-11','Rua 83, Qd 10 A, nº 35                                      ','Amazonino Mendes IV','A','                         ',180,'MANAUS                                            ',58972),(130,'Brasileirinho','69000-000 ','2007-05-09','1998-01-01','2010-03-31','Ramal do Ipiranga                                           ','Vale do Ipiranga','A','                         ',95,'MANAUS                                            ',134744),(131,'São Lucas','69085-000 ','2008-04-03','1991-09-01','2012-05-22','Rua 03, Nº 97                                               ','São Lucas I','A','                         ',185,'MANAUS                                            ',70234),(132,'Amazonino Mendes','69099-250 ','2007-10-04','1991-10-13','2010-01-08','Rua 49 Qd. 145, 117                                         ','Amazonino Mendes V','A','                         ',178,'MANAUS                                            ',45093),(133,'Tancredo Neves','69000-000 ','2006-06-02','1998-01-01','2008-09-01','Rua Orquidea, 48                                            ','Tancredo Neves III','A','                         ',143,'MANAUS                                            ',39081),(134,'Cidade Nova','69.098-49 ','2008-04-09','1991-11-17','2009-01-21','Rua 219, nº 96                                              ','Cidade Nova VI','A','                         ',71,'MANAUS                                            ',40283),(135,'Betânia','69.073-66 ','2004-06-28','1991-11-24','2008-08-28','Rua Vicente Reis, 517                                       ','Betânia II','A','                         ',22,'MANAUS                                            ',9792),(136,'Jorge Teixeira VI*            ','69088-000 ','2006-02-06','1991-11-24','2012-12-06','Av. Brig. Hilário Gurjão, 3006                              ','Jorge Teixeira IV','A','3361-5267                ',47,'MANAUS                                            ',158507),(137,'Brasileirinho','69080-000 ','2008-04-09','1991-12-15','2010-02-26','Estrada do Brasileirinho, 137                               ','Brasileirinho I','A','                         ',161,'MANAUS                                            ',48579),(138,'Parque das Laranjeiras        ','69.028-09 ','2007-03-20','1991-12-15','2011-03-04','Rua Holanda                                                 ','Parque das Nações I','A','                         ',76,'MANAUS                                            ',27212),(139,'Conquista*                    ','69099-009 ','2005-06-15','1991-12-22','2011-12-30','Rua Patativa, 139                                           ','Conquista II','A','                         ',21,'MANAUS                                            ',40674),(140,'Amazonino Mendes','69000-000 ','2008-02-12','1991-12-28','2011-02-11','Rua 40 C, Nº 76 qd 130                                      ','Amazonino Mendes VI','A','3223-5369                ',107,'MANAUS                                            ',9929),(141,'Colônia Terra Nova II','69.059-00 ','2007-10-22','1991-12-28','2012-12-04','Rua da Vitória, nº 42                                       ','Colônia Terra Nova II','A','                         ',9,'MANAUS                                            ',38037),(142,'Riacho Doce','69097-000 ','2008-01-17','1991-12-29','2008-09-18','Rua 26 de Agosto, nº 01                                     ','Riacho Doce','A','                         ',77,'MANAUS                                            ',14086),(143,'Jorge Teixeira II*            ','69088-440 ','2008-04-09','1991-12-29','2011-12-14','Rua Tambaqui, nº 15                                         ','Jorge Teixeira V','A','                         ',104,'MANAUS                                            ',21947),(144,'Redenção','69047-210 ','2006-04-18','1998-01-01','2012-02-24','Rua Poronga, 63                                             ','Monte Calvário','A','                         ',79,'MANAUS                                            ',99321),(145,'Compensa III','69.000-00 ','2007-12-03','1998-01-01','2010-01-12','Quadra 08, Nº 30                                            ','Compensa VII','A','                         ',182,'MANAUS                                            ',21197),(146,'Armando Mendes','69089-130 ','2008-04-09','1991-12-28','2012-12-07','Rua 01, nº 32, Qd. 63                                       ','Armando Mendes III','A','                         ',288,'MANAUS                                            ',15157),(147,'Monte das Oliveiras*          ','69093-115 ','2007-04-10','1991-12-31','2013-01-07','AV. Preciosa s/nº                                           ','Monte das Oliveiras I','A','                         ',84,'MANAUS                                            ',143925),(148,'Colônia Terra Nova II','69000-000 ','2006-01-17','1991-12-31','2013-01-03','Rua da Liberdade, 29                                        ','Colônia da Liberdade III','A','9446-4073                ',304,'MANAUS                                            ',59357),(149,'São José dos Campos','69096-636 ','2005-02-14','1991-12-31','2012-05-28','Rua Garcia nº41                                             ','São José dos Campos I','A','                         ',27,'MANAUS                                            ',24079),(150,'Manôa                         ','69.093-10 ','2008-04-09','1991-12-31','2012-01-13','Rua Leon Satre, s/nº                                        ','Manôa I*','A','                         ',34,'MANAUS                                            ',143476),(151,'Zumbi II','69.084-38 ','2007-04-24','1992-01-18','2008-08-29','Rua Indio Ajuricaba, 21                                     ','São José V','A','                         ',67,'MANAUS                                            ',88057),(152,'Santa Etelvina','69.000-00 ','2007-02-12','1992-04-26','2008-09-18','Travessa Parintins, 14                                      ','Santa Etelvina V','A','                         ',17,'MANAUS                                            ',76966),(153,'Centro','69.003-00 ','2008-04-09','1992-06-28','2008-04-09','Rua Ajuricaba, nº 522                                       ','28 de Junho (Desat.:17.01.08) ','A','                         ',58,'MANAUS                                            ',22788),(154,'Betânia','69.073-55 ','2008-04-09','1992-09-17','2009-12-04','Rua João Pessoa, 616                                        ','Betânia III','A','                         ',22,'MANAUS                                            ',1958),(155,'Armando Mendes','69.089-08 ','2008-04-14','1992-08-22','2012-07-30','Rua D - Qd 08,  38                                          ','Armando Mendes IV','A','                         ',102,'MANAUS                                            ',7613),(156,'Morro da Liberdade','69000-000 ','2008-04-09','1992-08-23','2012-03-16','Rua Branco e Silva, nº 340                                  ','Morro da Liberdade II','A','                         ',100,'MANAUS                                            ',45621),(157,'Nova Esperança II','69.037-50 ','2007-06-22','1992-09-06','2008-09-18','Rua Antonia Dalva, s/nº                                     ','Nova Esperança IV','A','                         ',137,'MANAUS                                            ',12579),(158,'Santo Antonio','69029-420 ','2008-01-23','1992-09-07','2008-10-03','Rua Amazonense, 27                                          ','Areal','A','                         ',165,'MANAUS                                            ',13034),(159,'Cidade Nova','69097-250 ','2008-04-09','1992-09-07','2008-10-03','Av. Penetração 2, nº 409- Cj. Canaranas                     ','Canaranas','A','                         ',189,'MANAUS                                            ',13505),(160,'Cidade Nova','69000-000 ','2008-04-09','1992-02-04','2011-03-10','Rua Santa Mônica, 18 Cj. Florestal                          ','Manôa II*','A','                         ',96,'MANAUS                                            ',37875),(161,'Conjunto Monte Sinai','69.093-25 ','2007-07-09','1992-10-04','2013-01-31','Rua 05 Qd.05, nº 42                                         ','Monte Sinai                                       ','A','                         ',34,'MANAUS                                            ',11493),(162,'Novo Israel','69000-000 ','2005-06-01','1992-10-04','2010-05-04','Rua do Amor Nº 33                                           ','Novo Israel III','A','                         ',9,'MANAUS                                            ',16770),(163,'Nova Floresta','69087-058 ','2006-12-06','1998-10-04','2011-01-10','Av. Topázio, nº 22                                          ','Nova Floresta I','A','                         ',51,'MANAUS                                            ',29452),(164,'Ouro Verde','69.082-59 ','2006-02-06','1992-10-11','2012-06-18','Rua Ben-ti-vi, nº 40                                        ','Ouro Verde VI','A','                         ',49,'MANAUS                                            ',34912),(165,'Amazonino Mendes','69099-370 ','2007-05-23','1992-10-17','2011-02-11','Rua Circular II, 269 qd 182                                 ','Amazonino Mendes VII','A','3645-6163                ',107,'MANAUS                                            ',63170),(166,'Cachoeirinha','69.065-06 ','2008-04-09','1992-10-25','2008-08-28','Rua Ipixuna Nº 1892                                         ','Cachoeirinha III','A','3237-1487                ',3,'MANAUS                                            ',19311),(167,'Centro','69.020-14 ','2008-04-09','1992-11-08','2008-04-09','Rua Duque de Caxias Bc. Ipixuna, 18                         ','Costeira (Desativada:17.01.08)','A','                         ',58,'MANAUS                                            ',76471),(168,'Cidade Nova I','69000-000 ','2006-01-02','1992-11-08','2012-03-26','Rua 02, 189 - Conj. Mundo Novo                              ','Max Teixeira (Mundo Novo I)','A','                         ',123,'MANAUS                                            ',129067),(169,'Redenção','69047-600 ','2007-06-19','1992-11-15','2011-08-08','Rua Tancredo Neves, 10                                      ','Redenção V','A','                         ',80,'MANAUS                                            ',35959),(170,'Jardim Tropical','69000-000 ','2007-08-10','1992-11-22','2008-09-02','Rua 02, 36                                                  ','Pedro Teixeira','A','                         ',40,'MANAUS                                            ',78574),(171,'Santo Agostinho','69.036-58 ','2008-04-09','1992-12-31','2010-11-05','Rua 1º de Maio, nº 171                                      ','Santo Agostinho III','A','8127-0379                ',29,'MANAUS                                            ',51403),(172,'São Geraldo','69053-060 ','2006-11-22','1992-11-29','2012-07-02','Rua Pico das Águas Nº 86                                    ','São Geraldo I','A','                         ',157,'MANAUS                                            ',169038),(173,'Crespo','69073-000 ','2007-09-21','1992-12-06','2011-05-04','Rua Carlos Dias, 90                                         ','Crespo II','A','                         ',37,'MANAUS                                            ',13486),(174,'Santa Cruz','69.028-34 ','2006-02-16','1992-11-19','2012-06-27','Rua 04 Travessa 07, 09                                      ','Santa Cruz*','A','                         ',31,'MANAUS                                            ',61512),(175,'Japiim II                     ','69077-080 ','2008-04-08','1992-12-20','2009-12-22','Rua C-7, nº 1797                                            ','Japiim III','A','                         ',227,'MANAUS                                            ',25898),(176,'Novo Israel II','69.039-73 ','2007-01-08','1992-12-20','2012-08-02','Rua Estrela de Daví Nº 114                                  ','Novo Israel IV','A','                         ',93,'MANAUS                                            ',65894),(177,'Cidade Nova I','69.097-00 ','2005-07-04','1992-12-24','2012-02-23','Rua G, nº 14 - cj. Osvaldo Frota I                          ','Osvaldo Frota','A','                         ',38,'MANAUS                                            ',33374),(178,'São Sebastião                 ','69.067-00 ','2008-04-09','1992-12-27','2009-09-01','Rua Rio Branco Nº 178-A                                     ','São Sebastião II','A','                         ',98,'MANAUS                                            ',58076),(179,'Morro da Liberdade','69.000-00 ','2008-04-09','1992-12-27','2013-01-16','Rua Herminio Barbosa, 202                                   ','Morro da Liberdade III                            ','A','                         ',300,'MANAUS                                            ',23965),(180,'Planalto','69000-000 ','2006-11-13','1994-06-08','2012-03-05','Av. do Futuro, s/nº                                         ','Jardim Versales','A','                         ',140,'MANAUS                                            ',50093),(181,'Tancredo Neves IV','69000-000 ','2008-04-09','1992-12-27','2010-06-24','Rua Edvar Martins, 16                                       ','Tancredo Neves IV','A','                         ',143,'MANAUS                                            ',20968),(182,'Compensa III','69.035-36 ','2007-12-03','1998-01-01','2012-03-30','Rua da Estanave, 19                                         ','Compensa VIII','A','                         ',183,'MANAUS                                            ',35856),(183,'Cidade Nova II','69.090-01 ','2008-04-09','1992-12-30','2010-11-12','Rua Timbira, 22A                                            ','Cidade Nova VII','A','                         ',108,'MANAUS                                            ',12665),(184,'Cidade Nova V                 ','69096-75  ','2007-04-26','1992-12-31','2010-01-05','Rua 230, Nº 31, Núcleo 21                                   ','Cidade Nova VIII','A','                         ',71,'MANAUS                                            ',77545),(185,'Parque Dez','69054-700 ','2008-04-03','1992-12-31','2009-09-21','Av. Tancredo Neves nº 07                                    ','Shangrilá I','A','3236-4635                ',109,'MANAUS                                            ',88944),(186,'Monte Sião','69000-000 ','2008-04-09','1992-12-30','2012-05-29','Rua 09 Qd. D Nº 186                                         ','Sião I','A','                         ',87,'MANAUS                                            ',53828),(187,'Nova Floresta','69000-0   ','2006-11-20','1992-12-31','2008-09-01','Rua das Granadas                                            ','Nova Floresta II','A','                         ',51,'MANAUS                                            ',37370),(188,'Jorge Teixeira I              ','69.008-00 ','2007-09-10','1992-12-30','2008-09-01','Rua da Penetração, 2205                                     ','Jorge Teixeira VI','A','                         ',53,'MANAUS                                            ',60552),(189,'Ouro Verde','69082-690 ','2008-03-11','1992-12-31','2012-08-07','Rua 04 Qd. 05, nº 26 - Jd. Asteca                           ','Ouro Verde VII','A','                         ',168,'MANAUS                                            ',45201),(190,'Vila Marinho','69035-000 ','2008-04-08','1992-12-31','2012-07-17','Rua Rio Negro, nº 65                                        ','Vila Marinho II','A','                         ',291,'MANAUS                                            ',68743),(191,'Compensa III','69.050-62 ','2008-04-24','1998-01-01','2008-10-03','Rua Belo Horizonte, 15-A                                    ','Compensa IX','A','                         ',182,'MANAUS                                            ',28927),(192,'Nova Jerusalém','69.067-78 ','2008-04-28','1992-12-31','2010-02-09','Rua Ômega Nº 26                                             ','Nova Jerusalém I','A','                         ',98,'MANAUS                                            ',25421),(193,'Colônia Terra Nova II','69063-000 ','2005-01-18','1992-12-31','2012-01-27','Rua Javari, nº 64                                           ','Conjunto Rio Piorini I','A','                         ',86,'MANAUS                                            ',89954),(194,'Colônia Terra Nova','69000-0   ','2005-04-25','1992-12-31','2011-02-01','Rua Gilberto Mestrinho, S/N                                 ','Colônia da Liberdade IV','A','                         ',50,'MANAUS                                            ',32161),(195,'Redenção','69047-840 ','2005-02-21','1992-12-13','2009-12-22','Rua Santa Clara Nº 06                                       ','Redenção VI','A','                         ',232,'MANAUS                                            ',50344),(196,'Conquista*                    ','69000-000 ','2005-12-17','1992-12-31','2012-03-07','Rua Êxodo, 196                                              ','Conquista III','A','                         ',176,'MANAUS                                            ',97255),(197,'Distrito Industrial*          ','69.000-00 ','2004-06-15','1992-12-31','2011-04-27','Rua Igarapé do 40 nº 500                                    ','Crespo III','A','                         ',261,'MANAUS                                            ',147501),(198,'Brasileirinho','69.000-00 ','2008-04-09','1992-12-30','2010-03-26','                                                            ','Brasileirinho II','A','                         ',120,'MANAUS                                            ',43642),(199,'Zumbi III','69085-001 ','2006-02-06','1992-12-31','2012-07-10','Rua Dendê,  nº 02                                           ','Zumbi IV','A','                         ',118,'MANAUS                                            ',53504),(200,'Centro','69010-160 ','2005-06-06','1992-12-30','2010-03-20','Av. Constantino Nery, nº 33                                 ','Tenda - Constantino Nery','A','                         ',24,'MANAUS                                            ',27971),(201,'Rodovia - Am 10               ','69000-000 ','2005-04-25','1998-01-01','2011-05-09','Km 27 Am 10                                                 ','Água Branca','A','                         ',14,'MANAUS                                            ',35149),(202,'Rodovia - Am 10               ','69.090-00 ','2008-04-09','1998-01-01','2008-11-03','Km 42 - Am 10                                               ','Ramal S.Fco - Am10(desativada)','A','                         ',14,'MANAUS                                            ',97531),(203,'Rodovia - Am 10               ','69.090-00 ','2007-12-12','1998-01-01','2012-07-12','Km 37 Am 10                                                 ','Ramal do Leão','A','                         ',14,'MANAUS                                            ',33049),(204,'Rodovia - Am 10               ','69.090-00 ','2008-04-16','1998-01-01','2008-11-03','Km 47 - Am 10                                               ','Ramal do Incra(desativ)','A','                         ',14,'MANAUS                                            ',40301),(205,NULL,'          ','2008-01-02','2008-01-01','2008-01-02','                                                            ','Ramal da Cachoeira II (*)     ','I','                         ',14,'MANAUS                                            ',16133),(206,'Rodovoa Br. 174               ','69.090-00 ','2008-04-09','1998-01-01','2012-01-06','Ramal do Caniço - Km 21                                     ','Ramal do Caniço (tarumã III)','A','                         ',276,'MANAUS                                            ',82164),(207,'Rodovoa Br. 174               ','69.090-00 ','2008-04-09','1998-01-01','2008-12-03','BR 174 Km 15                                                ','Km 15','A','                         ',83,'MANAUS                                            ',84184),(208,'Rodovoa Br. 174               ','69.000-00 ','2008-04-09','1998-01-01','2008-11-03','                                                            ','Igarapé do Leão','A','                         ',83,'MANAUS                                            ',35926),(209,'Rodovoa Br. 174               ','69.090-00 ','2008-04-09','1998-01-01','2008-11-03','BR 174 - Km 21                                              ','Lindo Amanhecer               ','A','                         ',83,'MANAUS                                            ',115226),(210,'Colônia Antonio Aleixo*       ','69008-080 ','2006-07-07','1998-01-01','2009-01-05','Rua Nova, 53                                                ','Antônio Aleixo II','A','                         ',15,'MANAUS                                            ',43641),(211,'Colônia Antonio Aleixo*       ','69008-000 ','2007-07-12','1998-01-01','2010-05-11','Rua Getulio Vargas, 180                                     ','Antônio Aleixo I','A','                         ',15,'MANAUS                                            ',26397),(212,'Colônia Antonio Aleixo*       ','69.008-14 ','2007-07-12','1998-01-01','2012-03-05','Rua Dr. João de Paula, 131                                  ','Antônio Aleixo III','A','                         ',150,'MANAUS                                            ',26631),(213,'Colônia Antonio Aleixo*       ','69.037-00 ','2004-10-25','1998-01-01','2011-05-02','Rua Nova Esperança, 213                                     ','Antônio Aleixo IV','A','                         ',15,'MANAUS                                            ',135631),(214,'Colônia Antonio Aleixo*       ','69008-000 ','2007-07-11','1998-01-01','2013-01-10','Rua Ernesto Costa, nº 68                                    ','Antônio Aleixo V                                  ','A','                         ',150,'MANAUS                                            ',151236),(215,'Colônia Antonio Aleixo*       ','69.000-00 ','2007-11-07','1993-01-10','2012-05-24','Rua Manoel Matias, 137                                      ','Antônio Aleixo VI','A','                         ',15,'MANAUS                                            ',120742),(216,NULL,'69.000-00 ','2008-04-09','1998-01-01','2008-04-09','                                                            ','Costa do Puraquequara (Desativ','A','                         ',120,'MANAUS                                            ',4030),(217,'Puraquequara','69.000-00 ','2008-04-09','1998-01-01','2008-04-09','Igarapé João Paulo                                          ','João Paulo (Desativada)       ','A','                         ',120,'MANAUS                                            ',38333),(218,'Puraquequara','69.000-00 ','2008-04-09','1998-01-01','2010-05-05','Igarapé Boa Vista                                           ','Boa Vista','A','                         ',120,'MANAUS                                            ',20839),(219,'Novo Aleixo','69095-001 ','2006-04-05','1993-01-01','2010-05-04','RuaWalpés Nº 88                                             ','Novo Aleixo I','A','                         ',94,'MANAUS                                            ',33114),(220,'São Sebastião                 ','69.063-00 ','2008-01-14','1998-01-01','2011-06-20','Rua Canumã, s/nº                                            ','São Sebastião III','A','                         ',98,'MANAUS                                            ',38334),(221,'Colônia Oliveira Machado*     ','69.070-61 ','2008-04-16','1993-03-07','2012-05-30','Travessa Esperança, 35                                      ','Colônia O. Machado II(desativ)                    ','A','                         ',45,'MANAUS                                            ',32737),(222,'Santa Etelvina','69.088-00 ','2006-11-14','1993-03-14','2010-12-17','Rua São Bartolomeu, 36                                      ','Santa Etelvina VI','A','                         ',17,'MANAUS                                            ',49675),(223,'Japiim','69078-390 ','2004-08-18','1993-03-21','2011-07-06','Rua Natal, 53                                               ','Japiim IV','A','                         ',226,'MANAUS                                            ',34018),(224,'Compensa I','69.035-31 ','2008-04-25','1993-04-21','2011-10-31','Ryua do Plato, 10                                           ','Compensa X','A','                         ',158,'MANAUS                                            ',95116),(225,'Distrito Industrial*          ','69.000-00 ','2008-04-09','1998-01-01','2012-05-24','Av. Eixo Norte-Sul, nº 12 - Vila II                         ','Antônio Aleixo VII','A','                         ',15,'MANAUS                                            ',83084),(226,'Monte Sião','69088-000 ','2006-11-13','1993-05-16','2011-12-21','Rua 01, S/N                                                 ','Sião II','A','                         ',87,'MANAUS                                            ',35158),(227,'São José I','69.085-22 ','2008-04-09','1993-05-26','2011-08-10','Rua Roraima S/N                                             ','São José II  1ª Etapa','A','                         ',105,'MANAUS                                            ',40711),(228,'TABOCAL','69000-000 ','2008-04-09','1987-02-24','2008-09-19','Costa do Tabocal                                            ','Tabocal I','A','                         ',42,'MANAUS                                            ',37729),(229,NULL,'69.000-00 ','2008-04-09','1993-03-30','2008-04-09','Com, São Pedro                                              ','Tabocal II - DESATIVADA       ','A','                         ',42,'MANAUS                                            ',64305),(230,NULL,'          ','2008-04-08','1994-12-30','2008-12-02','Maravilha - Rio Negro                                       ','Maravilha','A','                         ',195,'MANAUS                                            ',78165),(231,NULL,'          ','2008-04-08','1994-12-30','2009-10-27','Com. do Julião-Tarumanzinho                                 ','Julião','A','                         ',112,'MANAUS                                            ',15027),(232,NULL,'          ','2008-04-08','1994-12-30','2011-05-02','Igarapé do Rio Negro                                        ','Mipindiau','A','                         ',195,'MANAUS                                            ',78006),(233,'Alvorada I                    ','69.043-72 ','2008-04-09','1998-01-01','2008-09-02','Rua dos Franceses, nº 12-A                                  ','Alvorada VII','A','                         ',6,'MANAUS                                            ',55785),(234,'Alvorada III','69.043-72 ','2005-06-10','1993-07-25','2013-01-02','Av. 0, nº 280                                               ','Alvorada VIII','A','                         ',46,'MANAUS                                            ',6222),(235,'Amazonino Mendes','69.099-24 ','2004-12-09','1993-10-27','2011-05-10','Rua 48                                                      ','Amazonino Mendes VIII','A','                         ',178,'MANAUS                                            ',65400),(236,'São José II - Etapa B         ','69.085-16 ','2006-03-14','1993-08-01','2012-06-12','Rua 15, 106                                                 ','São José VI','A','                         ',105,'MANAUS                                            ',12721),(237,'João Paulo III                ','69000-000 ','2007-04-27','1993-08-08','2012-05-16','Rua Anador, 139                                             ','João Paulo V','A','                         ',73,'MANAUS                                            ',147836),(238,'Conquista*                    ','69099-003 ','2005-02-15','1993-08-15','2012-04-11','Rua Canaã, 02                                               ','Conquista IV','A','                         ',21,'MANAUS                                            ',76625),(239,'São Lucas','          ','2005-12-02','1993-09-12','2008-10-03','Rua da Floresta, nº 166                                     ','São Lucas II','A','                         ',185,'MANAUS                                            ',31585),(240,'São José dos Campos','69085-001 ','2007-04-11','1993-10-15','2008-09-01','Rua 13 de Maio, nº 73                                       ','São José dos Campos II','A','                         ',27,'MANAUS                                            ',17281),(241,'Alvorada II','69043-001 ','2008-04-09','1993-10-17','2011-09-16','Travessa 21 de Agosto, nº 241                               ','Parque Jerusalém II','A','                         ',250,'MANAUS                                            ',8310),(242,'Centro','69015-001 ','2005-02-14','1993-10-10','2012-09-17','Rua Ipixuna, Bc. Ipixuna, nº 545                            ','Ipixuna II','A','                         ',59,'MANAUS                                            ',98737),(243,'Mauazinho','69.075-24 ','2008-02-15','1993-10-17','2011-08-04','Rua Color de Melo, nº 38                                    ','Mauá III','A','                         ',16,'MANAUS                                            ',67136),(244,'Conquista*                    ','69095-001 ','2006-07-25','1993-10-29','2012-03-20','Rua Israel, 58                                              ','Conquista V','A','                         ',246,'MANAUS                                            ',56791),(245,'Centro','69000-000 ','2007-01-04','1993-10-31','2008-08-28','Beco Mestre Chico, nº 25 A                                  ','Leonardo Malcher','A','                         ',58,'MANAUS                                            ',90952),(246,'Japiim','69068-720 ','2006-05-17','1993-12-19','2012-06-01','Bc. Cabral, 18                                              ','Crespo IV','A','                         ',174,'MANAUS                                            ',80351),(247,'Colônia Oliveira Machado*     ','69.070-61 ','2008-04-09','1993-10-17','2012-05-30','Beco São Francisco, nº 35                                   ','Colônia Oliveira Machado III (desativada)         ','A','3629-4073                ',45,'MANAUS                                            ',32737),(248,'São Francisco                 ','69063-001 ','2008-04-09','1993-12-19','2011-05-19','Rua Girassol - Bc. S. Vieira, nº 212                        ','São Francisco IV','A','                         ',41,'MANAUS                                            ',11933),(249,'Petrópolis','69.063-00 ','2007-09-10','1996-12-31','2012-07-06','Rua Pavão, 01                                               ','Vale do Amanhecer','A','                         ',124,'MANAUS                                            ',63324),(250,'Omar Aziz                     ','69.097-00 ','2004-06-07','1993-12-24','2012-05-31','Rua 73, 30                                                  ','Francisca Mendes I','A','                         ',188,'MANAUS                                            ',51517),(251,'Amazonino Mendes','69099-530 ','2005-02-14','1994-02-27','2009-12-09','Rua 51 Qd, 99 casa 29                                       ','Amazonino Mendes IX','A','                         ',179,'MANAUS                                            ',23588),(252,'Puraquequara','69.000-00 ','2006-06-29','1994-12-31','2008-08-29','Estrada do Puraquequara                                     ','Puraquequara II','A','                         ',36,'MANAUS                                            ',44874),(253,NULL,'          ','2008-04-08','1994-12-30','2012-03-30','Rio Ngro - Igarapé Açu                                      ','Igarapé-Açu','A','                         ',195,'MANAUS                                            ',34653),(254,'Zumbi I','69084-000 ','2006-08-07','1994-04-03','2012-01-06','Rua Dr. Ademar, 147                                         ','Zumbi V','A','                         ',62,'MANAUS                                            ',52729),(255,'Zumbi II','69.084-62 ','2008-04-09','1994-04-17','2012-06-13','Rua Marcelo Santos, 05                                      ','Zumbi VI','A','                         ',235,'MANAUS                                            ',39716),(256,'Zumbi II','69.084-62 ','2008-02-07','1994-04-29','2012-06-13','Rua Marcelo dos Santos, 105                                 ','Zumbi VII','A','                         ',231,'MANAUS                                            ',14555),(257,'Lírio do Vale                 ','69037-820 ','2008-01-07','1994-04-24','2010-11-04','Rua Vale do Sol, 50 A                                       ','Lírio do Vale III','A','                         ',18,'MANAUS                                            ',11194),(258,'Zumbi II','69089-320 ','2005-06-01','1994-05-06','2012-03-09','Rua Santa Helena, 25                                        ','Zumbi VIII','A','                         ',33,'MANAUS                                            ',72333),(259,'Alvorada II','69.043-00 ','2004-10-26','1994-05-08','2013-01-15','Rua 14 Nº 387                                               ','Alvorada IX','A','                         ',46,'MANAUS                                            ',56834),(260,NULL,'69.000-00 ','2008-04-09','1998-01-01','2008-04-09','Com. São Raimundo                                           ','Tabocal III (Desativada)','A','                         ',42,'MANAUS                                            ',32345),(261,'Jorge Teixeira III*           ','69087-21  ','2006-02-06','1994-06-12','2012-05-04','Trav. Montenegro, nº 261                                    ','Jorge Teixeira VIII','A','3682-0295                ',47,'MANAUS                                            ',123687),(262,'Puraquequara','69.000-00 ','2006-09-08','1994-06-26','2012-07-17','Rua Santa Maria, nº 10                                      ','Puraquequara I','A','                         ',36,'MANAUS                                            ',4679),(263,'Tancredo Neves','69.000-00 ','2008-04-09','1994-07-03','2013-01-14','Rua 15 de Novembro, 13                                      ','Tancredo Neves V','A','                         ',142,'MANAUS                                            ',33254),(264,'Jorge Teixeira I              ','69.088240 ','2006-04-10','1994-08-07','2011-12-21','Av. Itaúba,nº 22                                            ','Jorge Teixeira IX','A','                         ',103,'MANAUS                                            ',92650),(265,'Cidade Nova','69090-650 ','2006-02-06','1994-08-20','2008-09-18','Rua 06,  nº 30 - Cj. R.S.Pinto I                            ','Renato Souza Pinto I','A','                         ',78,'MANAUS                                            ',20449),(266,'Santa Etelvina','69059-570 ','2006-02-06','1994-09-05','2008-09-18','Rua Mulateiro,135- Com. Vitória Régia                       ','Santa Etelvina VII','A','                         ',66,'MANAUS                                            ',62999),(267,'Alvorada II','69000-000 ','2008-02-18','1994-09-11','2013-01-02','                                                            ','Alvorada X','A','                         ',46,'MANAUS                                            ',75413),(268,'Valparaíso*                   ','69036-100 ','2007-10-02','1994-10-30','2012-12-21','Av. Sumaré, 199                                             ','Valparaiso','A','3682-1562                ',153,'MANAUS                                            ',45348),(269,'Centro','69.050140 ','2008-04-09','1994-11-11','2012-05-29','Av. 7 de Setembro Bc.G.Mestrinho                            ','07 de Setembro','A','                         ',59,'MANAUS                                            ',26466),(270,'Alvorada III','69042-170 ','2008-04-09','1994-12-04','2013-01-02','Rua 17 Nº 413                                               ','Alvorada XI','A','                         ',46,'MANAUS                                            ',8216),(271,'Ramal do Matrinchã            ','69.090-00 ','2006-03-06','1994-12-23','2012-03-21','Km 18 - Am 10                                               ','Km 18 Am 10 Ramal do Matrichã                     ','A','                         ',14,'MANAUS                                            ',70289),(272,'Centro','69.005-00 ','2007-07-24','1994-12-17','2012-09-17','Rua do Andradas, 670                                        ','Manaus Moderna','A','                         ',59,'MANAUS                                            ',113324),(273,'São José I - 1ª Etapa         ','69.085-32 ','2001-11-10','1994-12-10','2008-09-01','Rua C, 09                                                   ','São José I - 2ª Etapa II','A','                         ',27,'MANAUS                                            ',17600),(274,'Novo Aleixo','69000-000 ','2006-04-03','1994-12-17','2009-01-09','Rua Rio Maquaribe, nº 78                                    ','Novo Aleixo II','A','                         ',94,'MANAUS                                            ',87459),(275,'João Paulo III                ','69000-000 ','2007-04-09','1994-12-25','2012-05-16','Rua Jambú                                                   ','João Paulo IV','A','3681-6872                ',73,'MANAUS                                            ',147835),(276,'Santa Etelvina','69000-000 ','2005-07-20','1994-12-30','2012-05-31','Rua da Samambaia, nº 79                                     ','Santa Etelvina VIII','A','                         ',17,'MANAUS                                            ',136967),(277,NULL,'          ','2008-04-08','1994-12-30','2009-10-27','Tarumã Mirim                                                ','Fátima','A','                         ',112,'MANAUS                                            ',41594),(278,NULL,'          ','2007-11-21','1994-12-30','2012-05-24','Tarumã-mirim - Rio Negro                                    ','Livramento','A','                         ',112,'MANAUS                                            ',2635),(279,'Cidade de Deus','69000-0   ','2008-04-09','1994-12-31','2013-01-21','Rua São Francisco Nº 343                                    ','Cidade de Deus I                                  ','A','                         ',196,'MANAUS                                            ',56069),(280,'Jorge Teixeira III*           ','69088-035 ','2006-04-27','1994-12-31','2010-11-26','Rua 10, Nº  120                                             ','Jorge Teixeira XI','A','                         ',229,'MANAUS                                            ',90095),(281,'Tancredo Neves','69.000-00 ','2007-04-16','1994-03-28','2010-08-09','Rua Dalva de Oliveira , 06                                  ','Tancredo Neves VI','A','                         ',20,'MANAUS                                            ',13537),(282,'Mauazinho','69000-000 ','2005-02-14','1995-04-22','2012-01-04','Rua Jerusalém, nº 47                                        ','Jerusalém','A','9181-1178                ',64,'MANAUS                                            ',3975),(283,'Cidade Nova IV                ','69.000-00 ','2007-04-26','1995-05-28','2008-09-18','Rua 247, nº  39 E Núcleo 24                                 ','Cidade Nova IX','A','                         ',71,'MANAUS                                            ',45826),(284,'Ouro Verde','69.000-00 ','2006-05-10','1995-05-18','2008-11-05','Rua Castelo Branco, s/nº                                    ','Ouro Verde VIII','A','                         ',169,'MANAUS                                            ',38753),(285,'Educandos','69074-000 ','2008-04-09','1995-07-02','2011-07-26','Av. Presidente Kênnedy, 285                                 ','Santa Luzia II','A','3624-2900                ',99,'MANAUS                                            ',71964),(286,'Compensa II','69.035-21 ','2007-10-19','1995-07-02','2011-08-11','Rua Oscar Borel, nº 278                                     ','Compensa XI','A','                         ',114,'MANAUS                                            ',7441),(287,'São José IV                   ','69086-131 ','2008-03-05','1995-06-15','2012-04-03','Rua 12-A Nº 19                                              ','São José VII','A','                         ',67,'MANAUS                                            ',83307),(288,'Alvorada I                    ','69037-000 ','2008-04-11','1995-07-16','2011-03-10','Trav. Esperança, 476                                        ','Nova Esperança V','A','                         ',48,'MANAUS                                            ',39905),(289,'Alvorada I                    ','69043-000 ','2005-10-18','1995-07-16','2008-09-02','Rua 01, 88                                                  ','Alvorada XII','A','                         ',6,'MANAUS                                            ',35070),(290,'Coroado III','69.082-08 ','2006-02-06','1995-08-06','2012-08-03','Rua Dom Pedro, 21                                           ','Coroado V','A','                         ',294,'MANAUS                                            ',41890),(291,'Parque Dez','69050-000 ','2006-02-15','1995-08-13','2012-07-11','Rua M. Guarniere, nº 03-Cj. Shangrilá III                   ','Primavera III','A','                         ',110,'MANAUS                                            ',140087),(292,'Amazonino Mendes','69099-030 ','2008-02-12','1995-08-20','2011-07-12','Rua 05, 80                                                  ','Amazonino Mendes X','A','                         ',107,'MANAUS                                            ',10655),(293,'Colônia Santo Antonio','69000-000 ','2008-03-28','1995-09-03','2012-05-25','Rua São Jorge, nº 12                                        ','Colônia Santo Antonio IV','A','9191-8373                ',214,'MANAUS                                            ',17989),(294,'Parque Dez','69.054-00 ','2002-02-11','1995-09-24','2010-08-10','Conjunto Shangrila II                                       ','Shangrilá II','A','                         ',205,'MANAUS                                            ',1790),(295,'Jorge Teixeira IV*            ','69.000-00 ','2008-04-09','1995-04-24','2011-12-29','Rua Miratinga                                               ','Jorge Teixeira XII','A','                         ',19,'MANAUS                                            ',72163),(296,'João Paulo II                 ','69000-000 ','2007-10-19','1995-10-01','2012-04-09','Rua Cipó-Alho, Nº 30                                        ','João Paulo II','A','                         ',95,'MANAUS                                            ',70609),(297,'Puraquequara','69.000-00 ','2007-03-22','1995-10-08','2012-06-04','Ramal 14                                                    ','Puraquequara III ( DESATIVADA)                    ','A','                         ',36,'MANAUS                                            ',13003),(298,'Armando Mendes II','69089-000 ','2008-04-03','1995-10-15','2012-05-04','Rua Zona Franca, 32 - Com. da Sharp                         ','Armando Mendes V','A','                         ',32,'MANAUS                                            ',41400),(299,'Cidade Nova','69.094-00 ','2006-02-06','1995-10-21','2008-09-18','Rua C, 10 - Cj. R. Junior                                   ','Ribeiro Junior','A','                         ',78,'MANAUS                                            ',39659),(300,'Cachoeirinha','69065-000 ','2008-04-02','1995-10-29','2011-05-04','Rua Urucará, 1295                                           ','Cachoeirinha IV (Urucará)','A','                         ',211,'MANAUS                                            ',6356),(301,'Colônia Terra Nova','69000-0   ','2007-09-21','1995-10-29','2011-07-04','Rua Vitória Régia Nº 38                                     ','Filadélfia','A','                         ',243,'MANAUS                                            ',41143),(302,'Cidade de Deus','69099-227 ','2008-04-09','1995-11-15','2012-05-24','Rua N. S. da Conceição, 629                                 ','Cidade de Deus II','A','9121-9942                ',52,'MANAUS                                            ',120635),(303,'Cidade de Deus','69000-0   ','2007-10-15','1995-11-25','2012-04-24','Rua Santa Rosa, Nº 351                                      ','Cidade de Deus III','A','                         ',248,'MANAUS                                            ',110633),(304,'Japiinlândia','69.078-31 ','2006-03-07','1995-12-08','2012-05-28','Rua Esperança, 52                                           ','Japiinlândia III','A','                         ',124,'MANAUS                                            ',11431),(305,'Redenção','69058-000 ','2006-08-08','1995-12-24','2008-09-02','Beco São Francisco, nº 23                                   ','Redenção VII','A','                         ',79,'MANAUS                                            ',85815),(306,'Redenção','69.047-56 ','2008-04-09','1995-12-31','2013-01-04','Rua Cruzeiro do Sul, 20                                     ','Redenção XV','A','                         ',8,'MANAUS                                            ',50319),(307,'Jorge Teixeira III*           ','69000-000 ','2006-02-06','1995-12-30','2012-05-04','Rua Manacá, nº 28                                           ','Jorge Teixeira XIII','A','3638-6299                ',47,'MANAUS                                            ',106604),(308,'Santo Agostinho','69.037-71 ','2008-04-09','1995-12-30','2011-03-04','Travessa 1º de Maio, s/nº                                   ','Santo Agostinho IV - prosamim','A','                         ',29,'MANAUS                                            ',57048),(309,'Nova Esperança II','69037-000 ','2005-06-10','1995-12-31','2008-09-18','Rua Thomaz Edson, Nº 5                                      ','Nova Esperança VI','A','                         ',48,'MANAUS                                            ',33690),(310,'Mauazinho','69.075-00 ','2006-02-21','1995-12-31','2013-01-21','Rua João Tomé, 18                                           ','Bom Jardim                                        ','A','9206-0517                ',64,'MANAUS                                            ',16146),(311,'Flores','69054-540 ','2008-03-14','1995-12-31','2012-12-11','Trav. João Alfredo, nº 50                                   ','Rodoviária','A','                         ',63,'MANAUS                                            ',126611),(312,'Santa Etelvina','69059-000 ','2007-05-03','1995-12-30','2008-09-18','Rua Florindo Grana, 05                                      ','Santa Etelvina IX','A','                         ',17,'MANAUS                                            ',45883),(313,'Novo Reino','69000-000 ','2007-04-03','1995-12-31','2013-01-02','Rua Alameda, nº 281                                         ','Novo Reino III','A','                         ',126,'MANAUS                                            ',80878),(314,NULL,'          ','2008-04-09','1995-12-31','2009-10-27','Tarumã-mirim - Rio Negro                                    ','Agro Vila','A','                         ',112,'MANAUS                                            ',113447),(315,'Novo Reino','69.000-00 ','2008-04-22','1995-12-31','2010-02-10','Rua Bom Intento, s/nº                                       ','Novo Reino VIII','A','                         ',154,'MANAUS                                            ',10782),(316,'Novo Israel','69000-000 ','2008-04-03','1996-02-04','2011-12-12','Rua Glacê, nº 56                                            ','Colônia Santo Antonio V','A','3223-0256                ',97,'MANAUS                                            ',76457),(317,'Monte das Oliveiras*          ','69000-000 ','2006-02-06','1996-02-11','2012-11-06','Trav. Pau-Mulato, nº 51                                     ','Monte Pascoal II','A','                         ',287,'MANAUS                                            ',8345),(318,'São José I - 2ª Etapa         ','69085-170 ','2006-02-06','1995-12-31','2008-09-01','Rua Tarumã S/N                                              ','São José I - 2ª Etapa III','A','                         ',27,'MANAUS                                            ',13961),(319,'São José II','69.000-00 ','2008-04-03','1995-12-31','2008-09-01','Rua Curica, s/nº                                            ','São José II - 2','A','3248-6812                ',27,'MANAUS                                            ',43978),(320,'Nova Floresta','69000-0   ','2006-12-06','1995-12-31','2010-02-08','Rua Cassiterita, nº 320                                     ','Nova Floresta III','A','                         ',51,'MANAUS                                            ',72419),(321,'Jorge Teixeira I              ','69000-0   ','2007-10-02','1996-01-14','2012-12-21','Rua São Raimundo, 07                                        ','Jorge Teixeira XIV','A','3682-1058                ',153,'MANAUS                                            ',80513),(322,'Cristo Rei                    ','69000-000 ','2008-04-09','1996-02-11','2012-07-06','Travessa Tracuá, s/nº                                       ','Bancrevea','A','                         ',10,'MANAUS                                            ',88535),(323,'Compensa II','69.035-48 ','2008-04-03','1996-03-31','2010-08-06','Rua 1º de Junho,18                                          ','Compensa XII','A','                         ',163,'MANAUS                                            ',63872),(324,'Santa Etelvina','69000-000 ','2007-11-21','1996-04-06','2010-10-13','Rua da Saldade, 18                                          ','Santa Etelvina X','A','                         ',65,'MANAUS                                            ',30058),(325,'Presidente Vargas*            ','69.000-00 ','2008-04-10','1996-04-28','2012-01-05','Beco São Domingos, nº 14                                    ','Presidente Vargas','A','                         ',198,'MANAUS                                            ',92740),(326,'Redenção','69000-000 ','2007-11-28','1996-05-12','2012-01-09','Beco São Francisco, 15                                      ','Redenção VIII','A','                         ',8,'MANAUS                                            ',1237),(327,'Nossa Senhora das Graças      ','69000-000 ','2008-02-04','1996-06-08','2012-06-18','Rua Libertador s/nº                                         ','Santa Geração','A','                         ',289,'MANAUS                                            ',77866),(328,'Adrianópolis                  ','69.057-52 ','2007-06-14','1998-01-01','2011-09-13','Rua da Consolação,nº  51                                    ','Adrianopólis I','A','                         ',255,'MANAUS                                            ',49775),(329,'Conquista*                    ','69097-000 ','2006-06-02','1996-08-28','2008-09-18','Av. Camapuã, nº 1073                                        ','Conquista VI','A','                         ',21,'MANAUS                                            ',7529),(330,'Cidade Nova','69097-760 ','2005-10-06','1996-08-25','2011-02-24','Av. C , nº A1- Cj. F.Mendes II                              ','Francisca Mendes II','A','                         ',38,'MANAUS                                            ',63938),(331,'Coroado','69.082-00 ','2008-01-29','1996-09-30','2012-03-07','Rua Nova Esperança S/N                                      ','Coroado VI','A','                         ',167,'MANAUS                                            ',124325),(332,'Jorge Teixeira II*            ','69000-000 ','2006-11-03','1996-09-08','2013-01-09','Rua Baleia, 137 -  Cj. A. V. Neto                           ','Jorge Teixeira XV','A','                         ',74,'MANAUS                                            ',41381),(333,'Lírio do Vale II              ','69038-350 ','2006-01-16','1996-09-15','2011-03-11','Rua 08, nº 06                                               ','Lírio do Vale IV','A','                         ',60,'MANAUS                                            ',54268),(334,'Armando Mendes','69084-280 ','2006-02-06','1996-09-15','2008-09-01','Rua Dr. Resende, nº 145                                     ','Armando Mendes VI','A','                         ',102,'MANAUS                                            ',9038),(335,'Puraquequara','69.000-00 ','2006-09-08','1996-10-06','2010-08-20','Ramal 09, nº 25                                             ','Puraquequara IV','A','                         ',36,'MANAUS                                            ',63517),(336,'Jardim dos Barés*             ','69030-000 ','2008-03-28','1996-10-20','2012-05-14','Rua São Paulo Nº 334                                        ','Jardim dos Barés','A','3625-3661                ',2,'MANAUS                                            ',9636),(337,'Cidade de Deus','69000-0   ','2007-11-07','1996-11-09','2013-01-04','Rua Botafogo, 152                                           ','Cidade de Deus IV                                 ','A','                         ',88,'MANAUS                                            ',16004),(338,'São Lázaro','69.073-00 ','2004-06-29','1996-11-10','2010-01-13','Rua Viente Reis - bc. S.José,  nº  183                      ','Betânia IV','A','                         ',22,'MANAUS                                            ',45990),(339,'Alvorada I                    ','69043-001 ','2006-02-06','1996-11-16','2013-01-15','Av. I, Qd. I, nº 280 - Cj. Jardim Éden                      ','Jardim do Édem                                    ','A','                         ',30,'MANAUS                                            ',12681),(340,'Centro','69029-031 ','2008-04-03','1996-08-17','2010-09-29','Av. Joaquim nabuco, 1.810                                   ','Tenda da Família','A','3233-6700                ',57,'MANAUS                                            ',1707),(341,'Tarumã*                       ','69.090-00 ','2008-04-09','1996-10-20','2011-02-18','Ramal Cláudio Mesquita                                      ','Cláudio Mesquita','A','                         ',149,'MANAUS                                            ',38064),(342,'Centro','69.005-00 ','2008-04-09','1998-01-01','2008-04-09','Rua dos Andrade, S/Nº                                       ','Hotel Amazonas                ','A','                         ',55,'MANAUS                                            ',8042),(343,'Novo Reino','69000-0   ','2007-11-28','1996-11-07','2010-03-30','Av. Batrun nº 40                                            ','Novo Reino I - Templo Central','A','                         ',90,'MANAUS                                            ',21580),(344,'Coroado III','69000-000 ','2008-03-11','1996-12-15','2012-05-28','Rua Laura Vicunã, nº 108                                    ','Ouro Verde III','A','                         ',170,'MANAUS                                            ',110321),(345,'União','69.059-56 ','2008-04-09','1998-01-01','2013-01-02','Rua da Palestina, S/N                                       ','União III','A','                         ',63,'MANAUS                                            ',122641),(346,'Jorge Teixeira II*            ','69000-000 ','2007-10-30','1998-12-23','2012-05-28','Rua da Penetração/Pirarucu, S/N                             ','Jorge Teixeira XVI','A','                         ',74,'MANAUS                                            ',69621),(347,'Jorge Teixeira II*            ','69008-000 ','2006-03-22','1996-12-29','2013-01-23','Rua Tambaqui, nº 756                                        ','Jorge Teixeira XVII                               ','A','                         ',104,'MANAUS                                            ',32226),(348,NULL,'          ','2008-04-08','1994-12-30','2011-05-02','Rio Negro                                                   ','Aruaú','A','                         ',195,'MANAUS                                            ',78008),(349,'Santa Inês','69000-000 ','2006-02-06','1996-12-22','2012-05-10','Rua E, nº 72                                                ','Santa Inês I','A','                         ',252,'MANAUS                                            ',147822),(350,'Novo Aleixo','69086-976 ','2006-08-09','1999-01-01','2012-01-02','Rua Rio Ariaú, s/nº                                         ','Novo Aleixo IV','A','                         ',278,'MANAUS                                            ',45627),(351,'Distrito Industrial*          ','69075-000 ','2008-04-08','1996-12-31','2009-03-20','Av. Principal, nº 134 - Cj. F. E. Santo                     ','Armando Mendes VII','A','                         ',32,'MANAUS                                            ',78067),(352,'Santo Antonio','69029-040 ','2006-02-06','1998-01-01','2012-03-05','Av. Brasil, nº 4608                                         ','Santo Antonio IV','A','                         ',28,'MANAUS                                            ',47176),(353,'Jorge Teixeira VI*            ','69000-000 ','2008-04-09','1996-11-24','2011-03-03','Rua Andiroba, nº 353                                        ','Jorge Teixeira XVIII','A','                         ',19,'MANAUS                                            ',40437),(354,'Betânia','69.073-83 ','2005-02-14','1996-12-29','2008-08-28','Rua do Aterro, nº 90                                        ','Betânia V','A','                         ',22,'MANAUS                                            ',30883),(355,'Rodovoa Br. 174               ','69.000-00 ','2008-04-09','1998-01-01','2008-11-03','                                                            ','Ramal km 15','A','                         ',83,'MANAUS                                            ',73026),(356,'União','69050-000 ','2007-04-30','1997-01-05','2012-12-11','Rua 08 de Dezembro, 356                                     ','União IV','A','                         ',63,'MANAUS                                            ',86216),(357,'Colônia Oliveira Machado*     ','69070-620 ','2008-04-09','1996-12-31','2012-03-06','Rua Des. Felismino Soares, nº 747                           ','Colônia Oliveira Machado IV','A','3624-1052                ',45,'MANAUS                                            ',1114),(358,NULL,'          ','2008-04-08','1994-12-30','2009-10-27','Com. São João do Tupé - Rio Negro                           ','Tupé','A','                         ',112,'MANAUS                                            ',78030),(359,'João Paulo                    ','69000-000 ','2008-04-08','1997-03-16','2012-04-09','Rua dos Trevos, nº 395                                      ','João Paulo IX','A','                         ',95,'MANAUS                                            ',22835),(360,'Presidente Vargas*            ','69.025-21 ','2008-04-09','1997-05-05','2008-04-09','Rua 1º de Maio, S/N                                         ','1º de Maio - Desativada       ','A','                         ',24,'MANAUS                                            ',15674),(361,'Conjunto Itacolomi','69.075-00 ','2007-04-12','1996-12-31','2012-01-11','Rua Q, Qd. 06, nº 09                                        ','Armando Mendes VIII','A','                         ',32,'MANAUS                                            ',78472),(362,NULL,'69.000-00 ','2008-04-09','1996-12-22','2008-04-09','Lago do Faustino                                            ','Tabocal IV - DESATIVADA       ','A','                         ',42,'MANAUS                                            ',28495),(363,'Jorge Teixeira II*            ','69.075-06 ','2008-02-15','1996-12-15','2009-09-14','Rua Ipê Roxo, nº 20                                         ','Jorge Teixeira XIX','A','                         ',74,'MANAUS                                            ',51313),(364,'Japiim II                     ','69078-000 ','2006-03-06','1996-12-29','2011-05-10','Av. Solimões, nº153 conj.Atilio Andreazza                   ','Atílio Andreazza','A','                         ',23,'MANAUS                                            ',12905),(365,'Monte das Oliveiras*          ','69000-000 ','2006-03-02','1996-12-29','2013-01-07','Rua Achuarana, nº 79                                        ','Monte das Oliveiras II','A','                         ',84,'MANAUS                                            ',78629),(366,'Jorge Teixeira I              ','69.086-00 ','2008-04-09','1997-01-21','2009-06-26','Rua Sena S/N                                                ','desativada)                   ','A','                         ',104,'MANAUS                                            ',32226),(367,'Presidente Vargas*            ','69.025-31 ','2008-04-09','1997-02-03','2012-05-16','Rua Walter Royal                                            ','Bariri','A','                         ',44,'MANAUS                                            ',61260),(368,'Aleixo','69060-000 ','2008-04-09','1997-04-12','2012-05-08','Rua Nova, 23                                                ','Aleixo III','A','                         ',203,'MANAUS                                            ',34088),(369,'Cidade de Deus','69000-000 ','2006-11-13','1997-03-29','2012-06-18','Rua Bem-te-vi, nº 722                                       ','Jardim Botânico I','A','                         ',245,'MANAUS                                            ',106296),(370,NULL,'          ','2008-04-16','1994-12-30','2008-11-03','                                                            ','Inca (desativada)','A','                         ',112,'MANAUS                                            ',4030),(371,'São Francisco                 ','69.079-26 ','2004-03-04','1997-05-03','2004-03-04','Av. Valério B. de Andrade, s/nº                   ','Tenda - São Francisco III     ','I','                         ',41,'MANAUS                                            ',42585),(372,'Nova Floresta','69000-000 ','2005-06-10','1997-06-01','2012-05-10','Rua Turmalina, Nº 188                                       ','Nova Floresta IV','A','                         ',51,'MANAUS                                            ',75483),(373,'Puraquequara','69008-991 ','2008-01-08','2002-10-05','2008-08-29','Ramal Chico Mendes, nº 17                                   ','Puraquequara VII','A','                         ',36,'MANAUS                                            ',84717),(374,'Conquista*                    ','69099-000 ','2005-12-17','1997-06-29','2010-10-01','Rua Araujo Lima, s/n                                        ','Conquista VII','A','                         ',176,'MANAUS                                            ',12956),(375,'Monte Pascoal','69.000-00 ','2007-05-03','1997-07-29','2010-11-16','Rua 5, S/N                                                  ','Monte Pascoal','A','                         ',85,'MANAUS                                            ',43605),(376,'Braga Mendes','69000-0   ','2004-05-18','1998-01-01','2012-06-01','                                                            ','Braga Mendes I','A','                         ',113,'MANAUS                                            ',87304),(377,'Lírio do Vale                 ','69.038-00 ','2007-07-05','1997-07-20','2012-03-16','Rua D Nº 22 -  Cj. Augusto M Negro                          ','Lírio do Vale V','A','                         ',60,'MANAUS                                            ',4708),(378,'Fazendinha','69000-000 ','2007-01-09','1997-09-21','2011-12-06','Av. Irapuru, Qd 32, nº 02                                   ','Fazendinha','A','                         ',125,'MANAUS                                            ',30393),(379,'Santo Antonio','69.029-08 ','2008-04-09','1997-09-20','2012-03-05','Rua Raul de Azevedo, 1117                                   ','Santo Antonio III','A','                         ',28,'MANAUS                                            ',5714),(380,'Mauazinho','69.000-00 ','2006-08-18','1997-10-05','2013-01-21','Rua Tiradentes, Nº34                                        ','Parque Mauá I                                     ','A','9194-3832                ',64,'MANAUS                                            ',74527),(381,'Ouro Verde','69000-0   ','2006-01-26','1997-10-26','2012-08-07','Rua Colibri - Bc. Ass. de Deus S/N                          ','Ouro Verde II','A','                         ',168,'MANAUS                                            ',73199),(382,'Conquista*                    ','69000-000 ','2007-11-21','1997-11-22','2009-04-20','Rua das Oliveiras, S/N                                      ','Conquista VIII','A','                         ',175,'MANAUS                                            ',115190),(383,'Parque Dez','69.054-00 ','2008-04-09','1997-11-09','2009-09-01','Rua 4 Nº 15 - Parque Shangrila IV                           ','Shangrilá III','A','                         ',206,'MANAUS                                            ',48501),(384,'Brasileirinho','69000-000 ','2008-04-09','1997-12-14','2008-11-26','Estrada do Brasileirinho Km 03                              ','Brasileirinho III','A','                         ',161,'MANAUS                                            ',18605),(385,'Parque das Nações','69000-000 ','2007-10-15','1998-04-19','2010-07-16','Rua Canadá, 175                                             ','Parque das Nações II','A','                         ',31,'MANAUS                                            ',153654),(386,'Cidade de Deus','69000-000 ','2008-04-09','1997-12-31','2011-01-04','Rua Stª Júlia, s/nº                                         ','Areal do Mindú I','A','                         ',87,'MANAUS                                            ',119686),(387,NULL,'          ','2008-04-09','1994-12-30','2008-12-02','                                                            ','Igarapé Açuzinho','A','                         ',195,'MANAUS                                            ',77995),(388,'Santa Inês','69.000-00 ','2005-08-26','1997-12-21','2012-04-16','Rua V, nº 13                                                ','Santa Inês II','A','                         ',253,'MANAUS                                            ',2863),(389,'Parque Dez','69054-695 ','2006-02-16','1997-12-28','2012-01-10','Rua E, Qd. 09, nº 389 - Shangrilá I                         ','Shangrilá IV','A','                         ',207,'MANAUS                                            ',16952),(390,'Distrito Industrial*          ','69.000-00 ','2006-08-18','1997-11-23','2008-09-01','Av. Solimões, nº 09                                         ','Parque Mauá II','A','                         ',133,'MANAUS                                            ',47413),(391,'Coroado II','69033-271 ','2007-09-06','1997-11-16','2008-09-17','Rua São Pedro, nº 226                                       ','Coroado VIII','A','                         ',70,'MANAUS                                            ',71947),(392,'Santa Etelvina','69.059-19 ','2008-04-28','1997-12-06','2008-09-18','Rua Curimata, 311                                           ','Santa Etelvina XI','A','                         ',65,'MANAUS                                            ',36263),(393,'America do Sul','69.000-00 ','2008-01-09','1998-01-25','2008-11-26','Rua Urucurituba, 36                                         ','América do Sul','A','                         ',151,'MANAUS                                            ',66798),(394,'Armando Mendes','69.089-13 ','2008-04-09','1997-12-30','2012-06-11','Rua I, Qd. 23, nº 30                                        ','Armando Mendes IX','A','                         ',288,'MANAUS                                            ',9651),(395,'Compensa I','69.035-48 ','2008-04-25','1997-08-08','2012-11-26','Rua da Paz, 395                                             ','Compensa XIII','A','                         ',39,'MANAUS                                            ',135975),(396,'Praça 14','69020-170 ','2008-04-09','1997-12-31','2012-01-09','Rua Apurina, nº 350                                         ','Apurina','A','                         ',198,'MANAUS                                            ',164366),(398,'Cachoeirinha','69.065-20 ','2008-04-09','1998-03-08','2011-01-05','Av. Humaitá, 411                                            ','Cachoeirinha V (antimary)','A','                         ',58,'MANAUS                                            ',90125),(399,'Compensa II','69000-000 ','2005-08-10','1997-12-31','2012-04-09','Avenida Brasil, 1578                                        ','Compensa XIV','A','                         ',4,'MANAUS                                            ',10414),(400,'Cidade Nova II','69095-240 ','2006-02-06','1997-12-28','2012-12-24','Rua Camuci, s/nº                                            ','Cidade Nova X','A','3646-9828                ',230,'MANAUS                                            ',10571),(401,'Riacho Doce','69095-182 ','2006-02-06','1998-04-19','2008-09-18','Rua Alvaro Maia, nº 86                                      ','Riacho Doce II','A','                         ',77,'MANAUS                                            ',37589),(402,'Brasileirinho','69000-000 ','2007-05-30','1997-12-27','2008-09-19','Estrada do Brasileirinho Km 06                              ','Brasileirinho IV','A','                         ',161,'MANAUS                                            ',41700),(405,NULL,'69000-0   ','2005-11-30','1997-12-28','2012-01-27','Rua Espirito Santo, Qd. C, Lote I                           ','Conjunto Rio Piorini II','A','                         ',86,'MANAUS                                            ',82599),(406,'Rodovia - Am 10               ','69.090-00 ','2007-12-21','1998-04-18','2008-11-03','Rodovia Am 10 - Km 21                                       ','Am 10 Km 25 Cond. Bom Jesus','A','                         ',14,'MANAUS                                            ',56433),(407,'Santa Etelvina','69059-140 ','2007-06-11','1997-12-31','2008-09-18','Alameda C, nº 340                                           ','Santa Etelvina XII','A','                         ',66,'MANAUS                                            ',142854),(408,'Santa Etelvina','69000-000 ','2007-06-21','1998-02-14','2011-08-03','Rua Lameck, nº 361                                          ','Santa Etelvina XIII','A','                         ',66,'MANAUS                                            ',9962),(409,'Redenção','69.047-00 ','2008-04-09','1998-03-01','2012-03-07','Rua D Nº 54                                                 ','Redenção IX','A','                         ',8,'MANAUS                                            ',62959),(411,'Cachoeirinha','          ','2007-10-17','1900-01-01','2007-10-17','Rua Humaitá, 411                                            ','Humaitá                       ','I','                         ',58,'MANAUS                                            ',33725),(412,'TABOCAL','69000-000 ','2008-04-09','1997-12-20','2011-08-03','Assentamento Nazaré                                         ','Tabocal V','A','                         ',42,'MANAUS                                            ',36414),(413,'Florestal','69.000-00 ','2008-04-09','1997-02-14','2010-10-08','Rua do Tupiniquin, 06                                       ','Florestal I','A','                         ',96,'MANAUS                                            ',102172),(414,'Conquista*                    ','69000-000 ','2006-05-09','1998-01-01','2008-10-01','Rua das Jaçanã, S/N                                         ','Conquista IX','A','                         ',177,'MANAUS                                            ',49767),(415,NULL,'69.000-00 ','2002-05-24','1997-12-20','2002-05-24','Paraná da Eva','Tabocal XII','I',NULL,42,'MANAUS                                            ',3397),(416,'Vale do Sinai','69.000-00 ','2008-04-09','1997-12-28','2011-03-10','Rua 23, nº 257                                              ','Vale do Sinai','A','                         ',96,'MANAUS                                            ',114356),(417,'Colônia da Liberdade','69000-0   ','2002-04-05','1997-12-27','2012-08-10','Rua Palmeira Franca Nº 296                                  ','Monte Videira  I   (col.liberdade  II)','A','                         ',272,'MANAUS                                            ',32156),(418,'Monte das Oliveiras*          ','69000-000 ','2006-02-10','1998-02-22','2012-05-10','Rua Samauma Qd. 6, Nº 1673                                  ','Samauma (Monte das Oliveiras III)','A','                         ',218,'MANAUS                                            ',34807),(419,'Parque das Nações','69.000-00 ','2008-04-09','1998-04-26','2012-09-12','Rua França, s/nº                                            ','Parque das Nações III','A','                         ',191,'MANAUS                                            ',87877),(420,'União da Vitória              ','69059-143 ','2008-04-03','1997-05-09','2012-02-06','Av. Riacho Fundo, 10                                        ','Bete - Seã I','A','9606-2877                ',10,'MANAUS                                            ',50382),(421,'Coroado II','69000-000 ','2005-06-06','1998-05-01','2012-06-12','Rua Ouro Preto, nº 558                                      ','Coroado IX','A','                         ',70,'MANAUS                                            ',49072),(422,'Santo Agostinho','69000-000 ','2008-04-09','1998-01-01','2010-05-17','Rua Jerusalém, nº 01                                        ','Santo Agostinho V','A','9627-0963                ',29,'MANAUS                                            ',33724),(423,'Zumbi III','69085-001 ','2006-08-18','1998-06-14','2012-07-10','Rua Patauá, nº 18                                           ','Zumbi X','A','                         ',118,'MANAUS                                            ',76728),(424,'Monte das Oliveiras*          ','69.000-00 ','2006-03-22','1998-06-28','2013-01-07','Rua Axuarana, nº 179                                        ','Monte das Oliveiras IV','A','                         ',84,'MANAUS                                            ',99474),(425,'Monte Pascoal','69000-000 ','2007-11-19','1998-07-27','2013-01-15','Rua São Paulo, s/nª                                         ','Monte Pascoal III                                 ','A','                         ',85,'MANAUS                                            ',63647),(426,'Monte das Oliveiras*          ','69093-000 ','2007-07-17','1998-10-24','2012-06-14','Av. Rio Tefé, nº 598                                        ','Vista Alegre I','A','                         ',138,'MANAUS                                            ',24463),(427,'Coroado II','69000-000 ','2008-04-08','1998-10-31','2009-01-09','Rua Paraíba, 59                                             ','Coroado X','A','                         ',69,'MANAUS                                            ',79573),(428,'Valparaíso*                   ','69000-000 ','2008-04-03','1998-10-31','2011-09-08','Rua Marise Mendes, nº 661                                   ','Colônia Chico Mendes','A','                         ',141,'MANAUS                                            ',73176),(429,'Japiim','69067-001 ','2005-04-25','1998-06-17','2012-07-09','Rua 16 de Agosto, 53                                        ','Crespo V','A','                         ',174,'MANAUS                                            ',54224),(430,'Distrito Industrial*          ','69075-530 ','2007-10-02','1998-11-15','2011-04-19','Rua A-2 Qd. 15 nº 363 Cj. N.Repúbl                          ','Nova República','A','                         ',262,'MANAUS                                            ',23883),(431,'Alfredo Nascimento            ','69.000-00 ','2008-02-11','1998-12-20','2011-04-12','Rua 13, nº 43                                               ','Alfredo Nascimento II','A','                         ',259,'MANAUS                                            ',89178),(432,'Valparaíso*                   ','69087-000 ','2007-10-02','1998-12-20','2011-05-19','Ramal Colônia Nova Esperança, nº  432                       ','Colônia Nova Esperança','A','3249-6673                ',236,'MANAUS                                            ',47492),(433,'Alvorada II','69.086-00 ','2003-04-12','1998-11-18','2008-09-02','Rua 14, nº 265                                              ','Alvorada XIII','A','                         ',6,'MANAUS                                            ',2443),(434,'Zumbi','69085-000 ','2008-04-09','1998-11-15','2010-02-04','Rua Dra. Eloiza, nº 46                                      ','Zumbi XI','A','                         ',101,'MANAUS                                            ',52542),(435,'Mundo Novo','69.000-00 ','2008-04-09','1998-12-20','2011-02-28','                                                            ','Mundo Novo II','A','                         ',75,'MANAUS                                            ',33871),(436,'Mundo Novo','69090-000 ','2008-04-09','1998-12-20','2011-04-15','Rua 15, nº 17                                               ','Mundo Novo III','A','                         ',75,'MANAUS                                            ',99189),(437,'Mundo Novo','69.000-00 ','2008-04-09','1998-12-20','2011-04-15','Rua 18, s/nº                                                ','Mundo Novo IV','A','                         ',75,'MANAUS                                            ',36035),(438,'Santo Agostinho','69.000-00 ','2008-04-09','1999-12-22','2011-12-07','Rua União , 02                                              ','Santo Agostinho VI','A','8178-0762                ',181,'MANAUS                                            ',16395),(439,'Santa Etelvina','69000-000 ','2007-03-30','1998-12-06','2012-02-02','Rua 02 de Fevereiro, s/nº                                   ','Santa Etelvina XIV','A','                         ',17,'MANAUS                                            ',161383),(440,'Santa Etelvina','69.059-57 ','2007-06-11','1998-12-20','2012-07-03','Rua Paxiuba, s/nº                                           ','Santa Etelvina XV','A','                         ',281,'MANAUS                                            ',65789),(441,'Santa Etelvina','69059-420 ','2007-06-11','1998-12-20','2012-07-04','Rua N.s. de Fátima s/nº                                     ','Santa Etelvina XVI','A','3228-7307                ',66,'MANAUS                                            ',98961),(442,'Flores','69000-000 ','2007-12-12','1998-12-20','2012-08-30','Rua B. do Suruí, nº 02 - P. das Larajeiras                  ','Águas Claras I','A','                         ',72,'MANAUS                                            ',22655),(443,'Vieiralves','69.000-00 ','2007-06-04','1998-12-26','2009-04-24','Rua Rio Iça, nº 1011                                        ','Vieiralves','A','                         ',35,'MANAUS                                            ',53447),(444,'Lírio do Vale                 ','69.038-51 ','2005-01-18','1998-12-20','2010-04-23','Rua 24, nº 23                                               ','Lírio do Vale VI','A','                         ',60,'MANAUS                                            ',117375),(445,'Colonia Chico Mendes          ','69000-000 ','2006-02-10','1998-12-20','2012-03-28','Rua Sumaré, lote 15                                         ','Colônia Chico Mendes II','A','3682-1401                ',141,'MANAUS                                            ',73019),(446,'Valparaíso*                   ','69000-000 ','2007-10-02','2001-03-18','2012-12-21','Rua Perpetua, nº 446                                        ','Valparaíso II','A','3682-1248                ',153,'MANAUS                                            ',43141),(447,'Zumbi II','69000-000 ','2008-04-09','1998-12-20','2010-07-13','Rua Dr. Basílio, nº 03                                      ','Zumbi XII','A','                         ',118,'MANAUS                                            ',50532),(448,'João Paulo III                ','69000-000 ','2008-04-09','1998-12-20','2011-09-30','Rua Cravinho, s/nº                                          ','João Paulo III','A','                         ',73,'MANAUS                                            ',133496),(449,'João Paulo II                 ','69.000-00 ','2007-05-14','1998-12-20','2011-09-08','Rua Jucá, nº 55                                             ','João Paulo I','A','                         ',240,'MANAUS                                            ',69592),(450,'São José I','69.085-04 ','2006-03-14','1998-12-20','2013-01-04','Beco Cacau-Pirera, 450                                      ','São José V - II                                   ','A','3644-5397                ',12,'MANAUS                                            ',25588),(451,'Santa Etelvina','69059-000 ','2005-12-07','1998-12-20','2009-07-01','Rua F lote 18 Qd. 11, s/nº                                  ','Santa Etelvina XVII','A','                         ',65,'MANAUS                                            ',122307),(452,'Campo Sales                   ','69.048-00 ','2006-07-17','1998-12-20','2009-02-10','Rua \"C\", s/nº                                               ','Campo Sales I','A','                         ',197,'MANAUS                                            ',6627),(453,'União da Vitória              ','69085-143 ','2008-04-03','1998-12-08','2008-11-03','Rua 04 s/nº                                                 ','Bete - Seã II','A','                         ',10,'MANAUS                                            ',43433),(454,'Rodovoa Br. 174               ','69.000-00 ','2008-04-09','1998-12-20','2012-04-09','Br 174 Km 04                                                ','Comunidade São João ( km 04 I','A','                         ',83,'MANAUS                                            ',73029),(455,'Rodovoa Br. 174               ','69.090-00 ','2008-04-09','1998-12-20','2012-01-20','Br 174 Km 04                                                ','Km 04 II','A','                         ',83,'MANAUS                                            ',7732),(456,'Cidade de Deus','69.000-00 ','2005-06-15','1998-12-20','2013-01-21','Rua Javali, nº 11                                           ','Cidade de Deus VII                                ','A','                         ',196,'MANAUS                                            ',13003),(457,'Alfredo Nascimento            ','69000-000 ','2005-06-01','1998-12-20','2012-01-27','Rua 4, nº 10                                                ','Alfredo Nascimento I','A','                         ',258,'MANAUS                                            ',82633),(458,NULL,'69.000-00 ','2008-04-09','1998-12-20','2008-04-09','                                                            ','Alfredo Nasc.III (desativada) ','A','                         ',88,'MANAUS                                            ',47909),(459,'Mauazinho','69075-000 ','2006-02-06','1998-12-20','2010-11-01','Rua Iracy Neves, nº 61                                      ','Mauá IV','A','                         ',208,'MANAUS                                            ',71509),(460,'Planalto','69.045-38 ','2007-03-30','1998-12-20','2012-05-31','Rua Teerã, Qd. 19, nº 19 - Cj. C. Elísios                   ','Campos Elíseos','A','3233-2980                ',187,'MANAUS                                            ',13566),(461,'Campo Dourado','69094-000 ','2007-08-02','1998-11-20','2011-07-27','Rua Marte, nº 67                                            ','Campo Dourado I','A','                         ',155,'MANAUS                                            ',99236),(464,'Santa Inês','69088701  ','2008-04-09','1998-12-20','2012-11-26','Rua B, nº 548                                               ','Santa Inês III','A','                         ',252,'MANAUS                                            ',147822),(465,'São José III','69.087-00 ','2007-10-16','1998-12-20','2011-11-01','Av. Grande Circular, nº 6324                                ','Grande Circular','A','                         ',265,'MANAUS                                            ',27091),(466,'Dom Pedro II','69000-000 ','2005-06-15','1998-12-20','2010-02-08','Rua Jacira Reis, nº 04 - Cj. Kissia                         ','Conjunto Kissia','A','                         ',81,'MANAUS                                            ',10866),(467,NULL,'69.000-00 ','2008-04-09','1998-12-20','2008-04-09','                                                            ','Parque das Laranjeiras I (Desa','A','                         ',82,'MANAUS                                            ',43160),(468,'Flores','69.000-00 ','2008-03-07','1998-12-20','2010-01-13','Rua Barão dos Cocais, nº 36 Pq. das Laranjeiras             ','Parque das Laranjeiras II','A','                         ',220,'MANAUS                                            ',75445),(469,'Flores','69.000-00 ','2007-09-18','1998-12-20','2012-08-14','Rua Visc. de Caeté, nº 1019 Pq. das Laranjeiras             ','Parque das Laranjeiras III','A','                         ',269,'MANAUS                                            ',7637),(470,'Parque das Laranjeiras        ','69000-000 ','2007-09-18','1998-12-20','2010-04-12','Rua Conde Vera Cruz, nº 19-qd.52                            ','Parque das Laranjeiras IV','A','                         ',55,'MANAUS                                            ',95233),(471,'Águas Claras','69.090-57 ','2004-02-17','1998-12-20','2011-06-07','Rua 03 Qd.02, nº 08                                         ','Águas Claras II','A','                         ',72,'MANAUS                                            ',50717),(472,'Parque Dez','69000-000 ','2008-04-03','1998-12-20','2011-04-08','Rua Oiko, s/nº  - Lot. Jardim Oriente                       ','Primavera II','A','                         ',110,'MANAUS                                            ',45013),(473,'Conquista*                    ','69000-000 ','2006-03-29','1998-12-20','2011-04-27','Rua Bem-te-vi, 473                                          ','Conquista X','A','                         ',21,'MANAUS                                            ',3215),(474,'Conquista*                    ','69000-000 ','2007-07-30','1998-12-27','2009-03-12','Av. Curuai, nº 23                                           ','Conquista XI','A','                         ',177,'MANAUS                                            ',58672),(475,'Colônia Antonio Aleixo*       ','69000-000 ','2007-11-16','1998-11-20','2012-05-24','Rua José Maria, nº 61                                       ','Antônio Aleixo VIII','A','                         ',150,'MANAUS                                            ',148650),(476,'Tancredo Neves','69.000-00 ','2005-11-12','1998-12-20','2010-06-24','Rua Paraiso, nº 34- Cj. Cophasa                             ','Tancredo Neves VII','A','                         ',143,'MANAUS                                            ',28979),(477,'Zumbi','69.084-45 ','2008-04-03','1994-05-06','2013-01-28','Rua Santa Marta,nº 16                                       ','Zumbi XIII','A','3249-1187                ',101,'MANAUS                                            ',23010),(478,'Zumbi II','69.084-59 ','2006-09-22','1998-12-20','2011-11-11','Rua Santa Tereza, nº 26                                     ','Zumbi XIV','A','                         ',235,'MANAUS                                            ',59331),(479,'Zumbi II','69000-000 ','2005-06-15','1998-12-20','2010-03-02','Rua Perimetral, Qd. 01-b nº 1017                            ','Zumbi XV','A','                         ',235,'MANAUS                                            ',1519),(480,'Novo Aleixo','69098-000 ','2006-12-13','1998-12-20','2012-05-03','Rua rio Amazonas, s/nº                                      ','Novo Aleixo III','A','                         ',94,'MANAUS                                            ',82378),(481,'José Bonifácio                ','69000-000 ','2008-04-09','1998-12-20','2012-12-03','Rua 05 Qd. B-16, nº 01                                      ','Jardim Mauá','A','                         ',133,'MANAUS                                            ',84801),(482,'Bairro Novo','69000-000 ','2008-03-03','1998-12-28','2012-05-28','Rua C, nº 482                                               ','Bairro Novo I','A','3638-6738                ',74,'MANAUS                                            ',78767),(483,'Coroado II','69.080-00 ','2006-03-14','1998-12-20','2013-01-16','Rua Maranhão Sobrinho, nº 65                                ','Vila Alfredo Nascimento                           ','A','                         ',171,'MANAUS                                            ',61552),(484,'Novo Reino','69000-000 ','2007-09-03','1998-12-20','2011-07-14','Rua Aratituba, nº 405                                       ','Novo Reino II','A','                         ',90,'MANAUS                                            ',69983),(485,'Nova Floresta','69000-000 ','2006-12-06','1998-12-20','2010-02-08','Rua Almir Cardoso, 38                                       ','Nova Floresta V','A','                         ',51,'MANAUS                                            ',116887),(486,'Alfredo Nascimento            ','69088-000 ','2006-06-06','1998-12-20','2012-04-16','Rua Omar Aziz, nº 34                                        ','Alfredo Nascimento IV','A','                         ',263,'MANAUS                                            ',22882),(487,'Alfredo Nascimento            ','69.000-00 ','2008-04-09','1998-12-28','2011-04-12','Rua Marcos Cavalcante, nº 89                                ','Alfredo Nascimento V','A','                         ',259,'MANAUS                                            ',61435),(488,'Jorge Teixeira - 4ª Etapa*    ','69000-000 ','2008-04-04','1998-12-20','2012-04-05','RUA 02, nº 96                                               ','Cidade Alta','A','3682-0307                ',256,'MANAUS                                            ',113023),(489,'Jorge Teixeira VI*            ','69088-000 ','2008-04-09','2001-02-18','2012-03-23','Rua Universal nº 68                                         ','Jorge Teixeira X','A','3248-7982                ',47,'MANAUS                                            ',73459),(490,'Lírio do Vale I               ','69038-001 ','2007-10-11','1998-12-20','2008-10-03','Rua Santa Luzia, nº 08 B                                    ','Lírio do Vale VII','A','                         ',193,'MANAUS                                            ',19874),(491,'Santa Etelvina','69.000-00 ','2007-02-09','1998-12-20','2012-06-21','Loteamento S.Francisco                                      ','Santa Etelvina XVIII','A','                         ',17,'MANAUS                                            ',25447),(492,'Comunidade Sharp*             ','69089-000 ','2005-06-06','1998-12-20','2010-04-05','Rua Philco, nº 274                                          ','Armando Mendes X','A','                         ',32,'MANAUS                                            ',133760),(493,'Puraquequara','69.000-00 ','2006-10-10','1998-12-20','2009-12-02','Rua Piaçava, nº 259                                         ','Puraquequara V','A','                         ',36,'MANAUS                                            ',68106),(494,'Puraquequara','69008-000 ','2006-06-29','1998-12-20','2008-08-29','Rua 05, nº 232                                              ','Puraquequara VI','A','                         ',36,'MANAUS                                            ',48048),(496,'Parque das Nações','69000-000 ','2008-04-04','1998-12-20','2011-12-21','Rua Argentina, s/nº                                         ','Parque das Nações IV','A','                         ',160,'MANAUS                                            ',25386),(497,'Aliança com Deus              ','69000-000 ','2008-02-11','1998-12-20','2012-06-04','Rua Tefé, nº 467                                            ','Maanain','A','                         ',89,'MANAUS                                            ',20226),(498,NULL,'69.000-00 ','2002-05-24','1998-01-01','2002-05-24','                                                  ','Tabocal XIII                  ','I','                         ',42,'MANAUS                                            ',31189),(499,'Aliança com Deus              ','69.000-00 ','2008-04-09','1998-12-20','2011-04-25','Rua Maracaipe                                               ','Parque Nova Vida I','A','                         ',89,'MANAUS                                            ',110522),(500,'Parque Dez','69055-000 ','2008-04-03','1998-12-20','2012-05-30','Rua 06, nº 02 - Cj. J. Primavera                            ','Primavera I','A','                         ',110,'MANAUS                                            ',19241),(501,'Colônia Antonio Aleixo*       ','69.000-00 ','2005-06-10','1998-12-20','2009-02-06','Rua Dr. General Rocha, 67                                   ','Antônio Aleixo IX','A','                         ',15,'MANAUS                                            ',30840),(502,'Nova Floresta','69000-000 ','2005-11-09','1999-02-28','2011-01-10','Rua Águas Marinhas, 135                                     ','Nova Floresta VI','A','                         ',51,'MANAUS                                            ',20340),(503,'Nova Conquista                ','69.000-00 ','2007-02-27','1999-02-28','2010-03-30','Rua coari, nº156                                            ','Nova Conquista I','A','                         ',90,'MANAUS                                            ',70019),(504,'Lago Azul.                    ','69000-000 ','2006-10-02','1998-12-20','2012-06-13','Travessa 02, nº 141                                         ','Condominio Lago Azul','A','                         ',14,'MANAUS                                            ',16133),(505,'Parque das Sucupiras          ','69.082-69 ','2008-04-09','1999-05-02','2008-04-09','Rua Buriti, nº 02                                           ','Ouro Verde IV (Desativada)    ','A','                         ',49,'MANAUS                                            ',31710),(506,'São Geraldo','69033-841 ','2007-10-17','1999-04-11','2012-06-01','Beco Santa Terezinha, 134                                   ','Castelinho (desativada: 04/05/12)                 ','A','                         ',68,'MANAUS                                            ',117091),(507,'Praça 14','69000-000 ','2008-04-03','1999-04-18','2012-09-17','Rua Dr. Machado, nº 893                                     ','Praça 14','A','3234-2593                ',59,'MANAUS                                            ',75444),(508,'Zumbi I','69.000-00 ','2007-02-01','1999-05-02','2013-01-28','Rua 03 de Março, nº 155                                     ','Zumbi XVI','A','                         ',101,'MANAUS                                            ',92195),(509,'Flores','69.000-00 ','2008-04-08','1999-05-23','2011-08-12','Rua Com. N. Wongal, nº 37 - CJ. S. Dumont                   ','Santos Dumont','A','                         ',79,'MANAUS                                            ',5161),(510,'Tancredo Neves','69000-000 ','2008-04-08','1999-05-23','2011-06-07','Rua 11 de Julho, nº 106                                     ','Tancredo Neves VIII','A','                         ',142,'MANAUS                                            ',49230),(511,'Grande Vitória','69.000-00 ','2008-04-03','1999-05-23','2012-11-05','Av. Iraque, s/nº                                            ','Grande Vitória I','A','3086-1652                ',91,'MANAUS                                            ',28022),(512,'Grande Vitória','69.000-00 ','2008-04-09','1999-05-23','2012-03-19','Rua Perimetral, nº 1946                                     ','Grande Vitória II','A','                         ',91,'MANAUS                                            ',133098),(513,'Rodovia - Am 10               ','69.090-00 ','2005-10-20','1998-12-20','2008-11-03','Km 35 - Am 10                                               ','Ramal do Green Park','A','                         ',14,'MANAUS                                            ',151107),(514,'Novo Israel II','69059-000 ','2008-04-03','1999-05-19','2012-03-06','Rua Prestes Filho, 21                                       ','Novo Israel V','A','9983-8219                ',97,'MANAUS                                            ',38890),(515,'Novo Israel','69.059-00 ','2008-04-09','1999-05-19','2012-01-27','Rua Santo André, nº 02                                      ','Novo Israel VI','A','                         ',9,'MANAUS                                            ',25697),(516,'Jorge Teixeira VI*            ','69.088-00 ','2006-10-07','1999-05-30','2009-05-04','Rua 10, nº 20                                               ','Jorge Teixeira XXII','A','                         ',53,'MANAUS                                            ',72155),(517,'Distrito Industrial*          ','69075-726 ','2008-04-09','1999-06-06','2008-09-01','Rua do Areal, nº 340 - Pq. Mauá                             ','Parque Mauá III','A','                         ',133,'MANAUS                                            ',116890),(518,'Ouro Verde','69.000-00 ','2006-05-29','1999-08-15','2010-09-29','Rua A, s/nº - lot. Carijó                                   ','Ouro Verde V','A','                         ',170,'MANAUS                                            ',147846),(519,'Grande Vitória','69086-651 ','2007-07-27','1999-08-29','2010-08-20','Rua Bela Vista, Qd. 91, nº 360                              ','Grande Vitória III','A','                         ',152,'MANAUS                                            ',17460),(520,'Grande Vitória','69000-000 ','2007-03-09','1999-08-29','2012-05-10','Rua Jundiaí, nº 19                                          ','Grande Vitória IV','A','                         ',91,'MANAUS                                            ',82846),(521,NULL,'69.000-00 ','2008-04-09','1999-06-03','2011-03-31','Av. Sucupiras/nº                                            ','Jesus Me Deu IV','A','                         ',115,'MANAUS                                            ',43160),(522,'Colônia Terra Nova','69.000-00 ','2006-12-21','1999-09-19','2009-10-27','Rua Parintins, 148                                          ','Colônia da Liberdade V','A','                         ',50,'MANAUS                                            ',98431),(523,'São Jorge','69.033-21 ','2008-04-23','1999-11-17','2009-12-14','Rua Ambrósio Aires, nº 36                                   ','Vitória Régia II              ','A','                         ',68,'MANAUS                                            ',39747),(524,'Cidade Nova','69.000-00 ','2008-04-08','1999-11-17','2012-08-24','Rua 192 Núcleo 16                                           ','Cidade Nova XI                                    ','A','                         ',71,'MANAUS                                            ',7323),(525,'Lírio do Vale I               ','69000-000 ','2008-01-07','1999-12-19','2011-01-04','Rua Bandeirante, nº 04                                      ','Lírio do Vale VIII','A','                         ',18,'MANAUS                                            ',25393),(526,'Compensa I','69036-110 ','2008-04-09','2000-04-08','2012-05-23','Av. Brasil, nº 987                                          ','Igreja da Fund. Boas Novas','A','3671-3000                ',92,'MANAUS                                            ',107334),(527,'Campo Dourado','69091-970 ','2005-06-06','2000-04-09','2011-06-01','Rua Xingu, nº 527                                           ','Campo Dourado II','A','                         ',217,'MANAUS                                            ',16662),(528,'Parque das Laranjeiras        ','69000-000 ','2008-04-09','2000-04-09','2008-09-18','Conde Sergimirim, nº 24                                     ','Boas Novas I','A','                         ',72,'MANAUS                                            ',11467),(529,'Rodovoa Br. 174               ','          ','2008-04-09','2000-12-20','2012-01-06','                                                            ','Ramal da Cooperativa','A','                         ',276,'MANAUS                                            ',42493),(531,'Monte Sinai','69000-000 ','2006-03-17','2000-02-13','2011-08-12','Rua E, nº 23                                                ','Monte Sinai II','A','                         ',200,'MANAUS                                            ',80133),(532,'Amazonino Mendes','69099-000 ','2008-02-12','2000-02-27','2008-09-18','Rua Canário, 23                                             ','Amazonino Mendes XI','A','                         ',107,'MANAUS                                            ',32589),(533,'Rodovoa Br. 174               ','          ','2008-04-09','2000-12-20','2012-09-04','Ramal Pau Rosa km 16                                        ','Pau Rosa','A','                         ',275,'MANAUS                                            ',75603),(534,'Rodovoa Br. 174               ','          ','2008-04-09','2000-12-20','2012-04-09','km 17                                                       ','Ramal do Castanhal','A','                         ',83,'MANAUS                                            ',13745),(535,'Parque Dez','          ','2008-04-09','2000-01-20','2008-08-28','Rua A, nº 01                                                ','Eldorado(desativada)          ','A','                         ',81,'MANAUS                                            ',77278),(536,'Monte Pascoal','69093-177 ','2008-04-08','2000-12-20','2013-01-08','Rua Canarinho, nº 126                                       ','Florestal II','A','                         ',96,'MANAUS                                            ',47861),(537,'Colônia Terra Nova II','69000-000 ','2008-04-03','2000-05-07','2012-09-10','Rua João Paulo VI, nº14                                     ','Colônia da Liberdade VI','A','                         ',50,'MANAUS                                            ',41772),(538,'Alfredo Nascimento            ','69000-000 ','2006-02-06','2000-05-16','2012-07-03','Av. Omar Aziz, s/nº                                         ','Alfredo Nascimento VI','A','                         ',259,'MANAUS                                            ',63269),(539,'Grande Vitória','69088-000 ','2007-01-12','2000-05-24','2008-08-29','Rua Normandia, nº 34                                        ','Grande Vitória V','A','                         ',91,'MANAUS                                            ',76455),(540,'Cidade Nova II','69000-000 ','2006-04-20','2000-06-25','2012-07-03','Rua 147, nº 540 Nuc. 09                                     ','Cidade Nova XII','A','3645-1503                ',13,'MANAUS                                            ',83690),(541,'Centro','          ','2008-04-09','2000-06-11','2008-04-09','Rua Rocha dos Santos, 30-1º Andar                           ','Rocha dos Santos(desativada)  ','A','                         ',55,'MANAUS                                            ',34836),(542,'Cidade Nova IV                ','69000-000 ','2008-04-09','2000-07-06','2010-03-09','Rua 248, S/Nº                                               ','Cidade Nova XIII','A','                         ',71,'MANAUS                                            ',34323),(543,'Cidade Nova II','69000-000 ','2005-06-10','2000-07-22','2011-10-18','Rua 12 nº 15 QD. 37                                         ','Boas Novas II','A','                         ',72,'MANAUS                                            ',43851),(544,'Flores','69000-000 ','2006-08-10','2000-08-13','2011-11-10','Rua  Pres.Café Filho, nº 02 - pq. das Laranjeiras           ','Parque das Laranjeiras V','A','                         ',82,'MANAUS                                            ',4026),(545,'Flores','69028-214 ','2008-04-03','2000-08-13','2012-05-21','Rua D Qd.01, nº 112                                         ','Parque Centenário','A','                         ',239,'MANAUS                                            ',12079),(546,'Educandos','69070-000 ','2008-04-09','2004-12-31','2012-10-18','Rua Delcidio de Amaral, 201                                 ','Educandos II','A','                         ',210,'MANAUS                                            ',105035),(547,'Francisca Mendes II           ','69000-000 ','2008-04-09','2000-10-14','2010-12-07','Rua 89  E, s/nº                                             ','Getsêmani (Com. S. Cardoso)','A','                         ',38,'MANAUS                                            ',106391),(548,'Mundo Novo','69000-000 ','2007-06-19','2000-11-01','2012-12-07','Rua Barão de Parimar, 548                                   ','Mundo Novo V','A','                         ',75,'MANAUS                                            ',146427),(549,'Colônia Santo Antonio','69000-000 ','2007-01-02','2000-11-01','2013-01-10','Rua Francisco Freitas, s/nº                                 ','José Bonifácio I','A','                         ',93,'MANAUS                                            ',18863),(550,'Raiz','          ','2008-04-09','2000-12-10','2011-11-30','Av. Tefé                                                    ','Raiz III','A','3237-8659                ',3,'MANAUS                                            ',46375),(551,'Novo Aleixo','69000-000 ','2008-04-09','2000-10-22','2013-01-08','Rua joão Câmara,  s/nº - Cj. Arco-iris 3                    ','Novo Aleixo V                                     ','A','                         ',94,'MANAUS                                            ',34718),(552,'Campo Sales                   ','69021-540 ','2007-01-15','2001-02-01','2011-09-19','Rua \"A\", nº 659                                             ','Campo Sales II','A','                         ',197,'MANAUS                                            ',154604),(553,'Vila da Prata','69000-000 ','2008-03-28','2003-12-17','2010-08-20','Trav. José Neves, s/nº                                      ','Vila da Prata II','A','3673-3136                ',2,'MANAUS                                            ',85053),(554,'Zumbi II','69000-000 ','2007-05-09','2000-12-10','2010-03-02','Alameda Cosme Ferreira, nº 1749                             ','Zumbi XVII','A','                         ',235,'MANAUS                                            ',41664),(555,'Águas Claras','69000-000 ','2007-07-31','2000-12-23','2012-05-07','Rua B-3  qd. B-4, nº 6                                      ','Águas Claras III','A','                         ',72,'MANAUS                                            ',25561),(556,'Cachoeirinha','69000-000 ','2008-04-09','2000-12-16','2008-04-09','Av. Castelo Branco,102                                      ','Cachoeirinha VI(desativar)','A','                         ',58,'MANAUS                                            ',15220),(558,'Praça 14','69020-140 ','2008-04-09','2001-01-06','2012-03-13','Rua Duque de Caxias, s/nº                                   ','6 de Janeiro','A','                         ',268,'MANAUS                                            ',27537),(559,'Conjunto Rio Piorini          ','69093-000 ','2006-12-07','2000-12-23','2009-10-27','Av. Tico Moreira, nº 148                                    ','Conjunto Rio Piorini IV','A','                         ',86,'MANAUS                                            ',69861),(560,'Jorge Teixeira IV*            ','69008-800 ','2006-04-05','2000-12-31','2012-06-15','Rua 06 nº 497                                               ','Jorge Teixeira XXIII','A','                         ',229,'MANAUS                                            ',90095),(561,'João Paulo III                ','69090-100 ','2008-04-09','2001-02-03','2009-11-16','Av. Mirra, nº117                                            ','João Paulo VI','A','                         ',73,'MANAUS                                            ',30073),(562,'Colônia Terra Nova','69093-447 ','2006-02-06','2001-02-16','2013-01-16','Rua 07 de Setembro, nº 750                                  ','Colônia da Liberdade VII                          ','A','                         ',50,'MANAUS                                            ',28379),(563,'Grande Vitória','69000-000 ','2007-07-12','2001-02-18','2012-12-07','Rua Juruá, 11 - Cond. Amazonas                              ','Grande Vitória VI','A','                         ',145,'MANAUS                                            ',109607),(564,'Colônia Oliveira Machado*     ','69000-000 ','2008-03-28','2001-03-18','2012-05-30','R.São José -bc. São José, s/nº                              ','Colônia Oliveira Machado V                        ','A','3624-9307                ',45,'MANAUS                                            ',32737),(565,'Santo Antonio','69000-000 ','2008-04-08','2001-03-18','2012-08-02','Rua Santo Antonio, nº 88                                    ','Centro Evang. Boas Novas','A','                         ',111,'MANAUS                                            ',9132),(566,'União da Vitória              ','69000-000 ','2008-04-03','2001-03-25','2011-08-09','Av. Airton Senna, s/nº                                      ','Bete - Seã III','A','                         ',10,'MANAUS                                            ',145428),(567,'Armando Mendes','69089-320 ','2008-04-09','2001-03-23','2010-06-24','Rua Itacolomi, 783                                          ','Armando Mendes II','A','                         ',32,'MANAUS                                            ',8246),(568,NULL,'          ','2002-05-21','1900-01-01','2002-05-21','                                                  ','Mundo Novo VI ( Desativada)   ','I','                         ',75,'MANAUS                                            ',64970),(569,'Novo Aleixo','69000-000 ','2008-04-04','2001-04-28','2013-01-30','Rua Jauará, nº 186                                          ','Novo Aleixo VI','A','                         ',277,'MANAUS                                            ',4590),(570,'Novo Aleixo','69000-000 ','2007-05-31','2001-11-02','2012-01-24','Av. João Câmara, s/nº                                       ','Novo Aleixo VII','A','                         ',279,'MANAUS                                            ',27078),(571,'Colônia Terra Nova','69093-000 ','2008-01-02','2001-04-14','2012-04-16','Rua Boa Sorte, nº 64                                        ','Vista Alegre II','A','                         ',138,'MANAUS                                            ',27329),(572,'Novo Israel','69000-000 ','2005-02-14','2001-04-15','2010-07-08','Rua Rio Negro, nº 08 A                                      ','Rio Claro','A','                         ',244,'MANAUS                                            ',54460),(573,'Centro','          ','2008-04-09','2001-04-14','2008-04-09','Rua Joaquim Sarmento,333                                    ','Joaquim Sarmento(desativada)  ','A','                         ',55,'MANAUS                                            ',20621),(574,'Campo Sales                   ','690049-00 ','2008-04-09','2001-05-13','2011-11-03','Rua Surucuã,350                                             ','Campo Sales III','A','                         ',197,'MANAUS                                            ',51705),(575,'Campo Dourado','69037-000 ','2008-04-03','2001-05-06','2010-03-04','Rua Santa Luzia, nº 134                                     ','Campo Dourado III','A','3651-1289                ',216,'MANAUS                                            ',37949),(576,'Redenção','69000-000 ','2008-04-09','2001-06-03','2011-12-20','Rua Mirasselva, nº 1285                                     ','Redenção X','A','                         ',80,'MANAUS                                            ',57600),(577,'Alfredo Nascimento            ','69000-000 ','2007-11-07','2001-05-20','2011-04-20','Rua 24, nº 740                                              ','Alfredo Nascimento VII','A','                         ',88,'MANAUS                                            ',61719),(578,'Monte Sião','69000-000 ','2008-04-09','2001-06-17','2012-05-29','Rua 16, nº 28                                               ','Sião III','A','                         ',87,'MANAUS                                            ',102046),(579,'Colônia Santo Antonio','69000-000 ','2008-04-09','2001-06-17','2012-03-06','Rua Bandeirante, nº 140                                     ','Colônia Santo Antonio VI','A','                         ',97,'MANAUS                                            ',27578),(580,'Amazonino Mendes','69000-000 ','2008-04-11','2001-08-19','2012-06-01','Rua 56 Qd. 67, nº 12                                        ','Amazonino Mendes XII','A','                         ',26,'MANAUS                                            ',34743),(581,'Amazonino Mendes','69000-000 ','2008-04-09','2001-08-14','2012-11-27','Rua 27, Qd. 11, nº 30                                       ','Amazonino Mendes XIII','A','                         ',179,'MANAUS                                            ',29031),(582,'Monte das Oliveiras*          ','69000-000 ','2006-02-06','2001-07-28','2011-09-09','Condomínio Jardim Raquel, s/nº                              ','Conjunto Jardim Raquel I','A','                         ',201,'MANAUS                                            ',12527),(583,'Cidade de Deus','69099-264 ','2008-04-09','2001-09-09','2012-05-17','Rua Santa Etelvina, nº 284                                  ','Cidade de Deus VIII','A','                         ',52,'MANAUS                                            ',91016),(584,'Braga Mendes','69000-000 ','2008-04-09','2001-09-09','2010-03-02','Rua Barão do Rio Branco, nº 630                             ','Braga Mendes II','A','                         ',113,'MANAUS                                            ',93238),(585,'Redenção','69047-440 ','2006-04-04','2001-07-14','2012-06-15','Rua Carpina, nº318                                          ','Redenção XI','A','                         ',80,'MANAUS                                            ',33547),(586,'Coroado I','69000-000 ','2004-05-18','2002-03-03','2011-03-23','Rua Flávio Costa, nº  43                                    ','Coroado XI','A','                         ',69,'MANAUS                                            ',12164),(588,'Distrito Industrial*          ','69000-000 ','2006-08-18','2001-12-18','2012-04-09','Rua do Areal, nº 7 - Parque Mauá                            ','Mauá VIII - (PQ. Mauá IV)','A','                         ',208,'MANAUS                                            ',73923),(589,'Rodovia - Am 10               ','69000-000 ','2004-05-19','2001-12-19','2012-10-01','Comunidade São Francisco                                    ','Ramal São Francisco II','A','                         ',264,'MANAUS                                            ',88131),(590,'Alfredo Nascimento            ','69000-000 ','2008-04-09','2001-08-18','2012-12-05','Rua 27 S/Nº                                                 ','Alfredo Nascimento VIII','A','                         ',88,'MANAUS                                            ',36634),(591,'Monte Pascoal','69000-000 ','2008-02-21','2001-09-30','2010-07-08','Rua Muritinga, s/nº                                         ','Monte Cristo I','A','                         ',242,'MANAUS                                            ',13155),(592,NULL,'69000-000 ','2008-04-09','2001-10-05','2008-04-09','Loteamento Jardim São Luis                                  ','Jardim São Luis (Desativada)  ','A','                         ',151,'MANAUS                                            ',79664),(593,'Redenção','69047-000 ','2008-02-15','2001-10-14','2012-10-09','Rua Iguatu s/nº                                             ','Redenção XII','A','                         ',8,'MANAUS                                            ',169709),(594,'São Geraldo','69050-060 ','2006-04-12','2001-11-02','2012-06-01','Rua Pico das Águas, nº 677                                  ','São Geraldo II','A','                         ',157,'MANAUS                                            ',24030),(595,'Tancredo Neves','69095-000 ','2007-02-08','2001-12-28','2008-09-01','Rua Fábio Lucena, s/nº                                      ','Tancredo Neves IX','A','                         ',20,'MANAUS                                            ',4822),(596,'Grande Vitória','69095-000 ','2007-02-13','2001-12-16','2011-03-14','Rezende, nº 131                                             ','Grande Vitória VII','A','                         ',91,'MANAUS                                            ',116944),(597,'Santa Inês','69.000000 ','2008-04-02','1998-12-20','2012-06-20','Rua T, Nº 96                                                ','Santa Inês IV','A','                         ',253,'MANAUS                                            ',170192),(598,'Vale do Sinai','69000-000 ','2008-04-03','2001-05-20','2011-11-10','Rua 17                                                      ','Vale do Sinai II','A','9991-0167                ',96,'MANAUS                                            ',51117),(600,'Japiim','6900000   ','2006-08-30','2001-08-13','2009-07-13','Av. Gen Rodrigo Otávio J. Ramos, Nº 1655                    ','Canaã','A','3611-8787                ',106,'MANAUS                                            ',22630),(601,'Monte Sinai','69064-000 ','2007-01-02','2002-05-19','2013-02-04','Rua  11, nº 140                                             ','Monte Sinai III                                   ','A','                         ',200,'MANAUS                                            ',145342),(602,'Jorge Teixeira III*           ','69088-000 ','2008-04-09','2001-10-14','2008-09-01','Rua Papucaia, nº 57                                         ','Jorge Teixeira XXIV','A','                         ',53,'MANAUS                                            ',48931),(604,'Parque Dez','69000-000 ','2007-03-06','2001-11-15','2012-06-11','Rua 11, nº 04-Pq. Tropical                                  ','Parque Dez -  II','A','                         ',7,'MANAUS                                            ',65814),(605,'Jesus me Deu                  ','6900000   ','2008-04-08','2001-11-15','2012-11-09','Rua Rio Eufrates, s/nº                                      ','Jesus Me Deu I','A','                         ',115,'MANAUS                                            ',10286),(606,'Brasileirinho','69000-000 ','2008-01-02','2001-10-28','2011-06-10','                                                            ','Ramal do Brasileirinho V','A','                         ',161,'MANAUS                                            ',26266),(607,'Japiim','69067-000 ','2004-12-16','2001-11-03','2010-12-10','Rua Principal, 109                                          ','Crespo VI','A','                         ',174,'MANAUS                                            ',22355),(608,'Nova Conquista                ','69000-000 ','2007-05-16','2001-10-19','2012-03-02','Rua Iranduba nº 214                                         ','Nova Conquista II','A','                         ',184,'MANAUS                                            ',6648),(609,'Jorge Teixeira I              ','69000-000 ','2008-04-09','2001-12-17','2008-09-01','Av. Itauba                                                  ','Jorge Teixeira XXV-(Desativada','A','                         ',74,'MANAUS                                            ',34985),(610,'Castanheira I                 ','69086-550 ','2008-04-09','2001-11-30','2012-06-11','Rua F, Qd.P, nº 18                                          ','Novo Reino IV','A','                         ',126,'MANAUS                                            ',120863),(611,'Jorge Teixeira*               ','69000-000 ','2008-04-09','2002-01-27','2008-11-13','RUA 02, Nº18                                                ','Jorge Teixeira XXVI','A','                         ',19,'MANAUS                                            ',79445),(612,'Monte Pascoal','69000-000 ','2002-08-22','2002-01-03','2013-01-02','Rua Uirapuru, nº  20                                        ','Monte Pascoal V','A','                         ',85,'MANAUS                                            ',57527),(613,'Monte Pascoal','69000-000 ','2006-01-10','2002-01-13','2012-11-28','Rua São Lourenço, s/nº                                      ','Monte Pascoal VI','A','                         ',85,'MANAUS                                            ',20026),(614,'Cachoeirinha','69000-000 ','2008-04-09','2002-02-16','2008-04-09','Rua Urucará, 26                                             ','Cachoeirinha VII (Desativada) ','A','                         ',58,'MANAUS                                            ',72758),(615,'Colônia Terra Nova','69000-000 ','2008-04-09','2001-05-06','2012-08-27','Rua Caravari nº 328                                         ','Colônia Terra Nova IV','A','                         ',96,'MANAUS                                            ',39110),(616,'Redenção','6900000   ','2005-11-26','2002-04-13','2011-10-14','Rua 15 de Outubro, nº 34                                    ','Redenção XIII','A','                         ',79,'MANAUS                                            ',24057),(617,'Cidade Nova II','69094-570 ','2006-02-02','2002-05-05','2012-10-22','Rua 75, Qd.247, nº 90 Nuc.14                                ','Cidade Nova XIV','A','                         ',108,'MANAUS                                            ',143933),(618,'Jorge Teixeira I              ','69000-000 ','2008-04-09','2002-04-25','2013-01-29','RUA: NOVA JERUSALÉM, s/nº                                   ','Jorge Teixeira VII                                ','A','                         ',299,'MANAUS                                            ',34541),(619,'Conjunto Rio Piorini          ','6900000   ','2008-01-23','2002-05-05','2010-10-29','Rua Belo Horizonte, s/nº                                    ','Vista Alegre III','A','                         ',138,'MANAUS                                            ',79904),(620,'Colônia Terra Nova','690000-00 ','2006-12-21','2002-04-27','2013-02-04','Rua Manaquiri nº477                                         ','Colônia da Liberdade IX                           ','A','                         ',50,'MANAUS                                            ',68952),(621,'Colônia Terra Nova','69093-449 ','2006-02-10','2002-06-01','2009-06-05','Rua Tucuruí, s/nº                                           ','Vale do Jaboque','A','                         ',186,'MANAUS                                            ',22002),(622,'São Jorge','69000-000 ','2008-03-28','2002-06-09','2012-12-18','Avenida São Jorge, nº 391                                   ','Avenida São Jorge                                 ','A','3625-1100                ',225,'MANAUS                                            ',1386),(623,'Colônia da Liberdade','69000-000 ','2007-07-11','2003-07-01','2012-09-10','Rua Quiriri, s/nº                                           ','Manôa III','A','                         ',199,'MANAUS                                            ',23906),(624,'Rodovoa Br. 174               ','690000-00 ','2008-04-09','2002-06-30','2012-04-09','BR 174 KM 12                                                ','Ramal Canaã - Km 12','A','                         ',83,'MANAUS                                            ',108710),(625,'Amazonino Mendes','69099-755 ','2006-01-24','2003-01-12','2008-09-18','Rua 89 s/nº-praça das águas                                 ','Amazonino Mendes XIV','A','                         ',26,'MANAUS                                            ',32292),(626,'Bairro Novo','69000-000 ','2008-04-09','2002-09-02','2008-04-09','Rua H, Nº 13                                                ','Bairro Novo II (DESATIVADA)   ','A','                         ',74,'MANAUS                                            ',72731),(627,'Rodovia - Am 10               ','690000-00 ','2008-04-09','2002-07-30','2011-06-10','KM 54                                                       ','KM 54 (Desativada)            ','A','                         ',264,'MANAUS                                            ',40301),(628,'Tarumã*                       ','69082-000 ','2008-01-21','2002-06-22','2012-08-01','Rua C, qd 04 chacara Paraiso Tropical,15                    ','Paraíso Tropical','A','                         ',212,'MANAUS                                            ',159585),(629,'Jesus me Deu                  ','69000-000 ','2007-10-17','2002-08-20','2011-03-31','                                                            ','Jesus Me Deu II','A','                         ',115,'MANAUS                                            ',10239),(630,'N.S. do  Perpétuo Socorro*    ','69096-640 ','2006-02-23','2002-07-20','2010-02-08','Rua Fábio Lucena, nº 09                                     ','Cidade Nova XV','A','                         ',230,'MANAUS                                            ',86937),(631,'São Geraldo','69000-000 ','2007-11-21','2002-07-22','2012-12-04','Rua Jofre Maia, 04                                          ','São Geraldo III','A','                         ',157,'MANAUS                                            ',33669),(632,'Lírio do Vale                 ','69.037-00 ','2008-04-09','2002-07-22','2012-01-27','Rua Vitória, 06                                             ','Lírio do Vale IX','A','                         ',193,'MANAUS                                            ',20586),(633,'Jesus me Deu                  ','69000-000 ','2007-05-03','2002-09-20','2011-02-11','Rua Coração de Jesus, nº 10                                 ','Jesus Me Deu III','A','                         ',115,'MANAUS                                            ',157173),(634,'TABOCAL','69000-000 ','2008-04-09','2002-08-17','2008-09-19','Lago do Jatuarana                                           ','Jatuarana I','A','                         ',42,'MANAUS                                            ',70863),(635,'Tarumanzinho                  ','69000-000 ','2008-04-09','2003-08-12','2009-10-27','Tarumã Mirim                                                ','Comunidade São Sebastião','A','                         ',112,'MANAUS                                            ',64863),(636,'Novo Aleixo','69000-000 ','2005-01-10','2002-10-04','2012-08-03','Rua Wilson Vieiralves, s/nº                                 ','Novo Aleixo VIII','A','                         ',222,'MANAUS                                            ',93612),(637,'Campo Sales                   ','69000-000 ','2007-02-15','2002-10-30','2010-01-19','Rua Surucuã, nº 834                                         ','Campo Sales IV','A','                         ',197,'MANAUS                                            ',35604),(638,'Rodovoa Br. 174               ','69000-000 ','2008-04-09','2002-09-14','2012-01-06','Ramal do Buriti km 18 - km 21- Santo Antonio                ','Ramal do Buriti','A','                         ',276,'MANAUS                                            ',69485),(639,'Novo Israel','69000-000 ','2006-02-06','2002-10-12','2012-03-30','Rua Santa Rita, 22                                          ','Novo Israel VII','A','                         ',93,'MANAUS                                            ',61047),(640,'Amazonino Mendes','69098-660 ','2008-02-12','2002-11-10','2012-07-04','Trav. 12 Qd. 116, nº 02                                     ','Amazonino Mendes XV','A','3636-8358                ',228,'MANAUS                                            ',78107),(641,'São Jorge','69000-000 ','2008-04-03','2002-09-12','2010-01-05','Rua 1º de Maio, nº 137                                      ','São Jorge III','A','9145-5797                ',224,'MANAUS                                            ',123891),(642,'Tarumanzinho                  ','69000-000 ','2008-04-09','2004-02-18','2009-10-27','Tarumã Mirim                                                ','Ebenézer','A','                         ',112,'MANAUS                                            ',101201),(643,'Campo Sales                   ','69000-000 ','2007-02-05','2003-11-11','2011-12-05','Rua Juriti, 246                                             ','Campo Sales V','A','                         ',197,'MANAUS                                            ',33990),(644,'Campo Sales                   ','69049-000 ','2007-04-12','2003-11-15','2011-05-09','Rua Bagdá, 98                                               ','Campo Sales VI','A','                         ',197,'MANAUS                                            ',124608),(645,'Ismail Azis                   ','69000-000 ','2008-04-09','2003-03-11','2013-01-21','Rua 02, nº 42                                               ','Ismail Azis                                       ','A','                         ',149,'MANAUS                                            ',85644),(646,'Omar Aziz                     ','69097-000 ','2006-05-04','2002-12-31','2008-09-18','Rua Nova Circular, s/nº                                     ','Raio do Sol','A','                         ',38,'MANAUS                                            ',86496),(647,'Jorge Teixeira III*           ','69088-022 ','2007-10-29','2002-11-30','2011-07-22','Rua 03, nº 226                                              ','Jorge Teixeira XXVIII','A','                         ',53,'MANAUS                                            ',87212),(648,'Parque das Nações','69000-000 ','2008-04-09','2003-03-01','2010-01-27','Travessa Brasil, s/nº                                       ','Parque das Nações V','A','                         ',31,'MANAUS                                            ',50274),(649,'Eduardo Braga                 ','69000-000 ','2008-04-03','2002-12-27','2012-03-06','Rua Marginal, nº 79                                         ','Eduardo Braga','A','3641-4719                ',78,'MANAUS                                            ',32694),(650,'Parque Solimões               ','69000-000 ','2008-04-09','2003-03-22','2011-09-14','Av. Praia do Futuro, s/nº                                   ','Parque Solimões I','A','9134-7931                ',136,'MANAUS                                            ',2721),(651,'São José III','69000-000 ','2007-01-02','2003-03-02','2010-08-10','Rua Marginal, nº 220                                        ','São José X','A','9163-0765                ',67,'MANAUS                                            ',18582),(652,'Monte das Oliveiras*          ','          ','2006-05-12','2003-04-26','2013-01-07','                                                            ','Monte das Oliveiras VI','A','                         ',84,'MANAUS                                            ',91640),(653,'Ouro Verde','69000-000 ','2008-04-09','2003-05-10','2012-06-18','Rua Des. Felismino Soares, nº 16                            ','Ouro Verde IX','A','                         ',49,'MANAUS                                            ',25586),(654,'Tancredo Neves','69000-000 ','2008-04-10','2003-05-10','2008-09-01','Rua Gilberto Mestrinho, s/nº                                ','Tancredo Neves X','A','                         ',142,'MANAUS                                            ',30894),(655,'Valparaíso*                   ','69036-100 ','2007-10-02','2003-05-10','2012-12-21','Rua Ambé, nº 61                                             ','Valparaíso III','A','                         ',153,'MANAUS                                            ',8434),(656,'Amazonino Mendes','69000-000 ','2008-04-22','2003-02-09','2011-03-15','Rua Bela Vista, nº 16                                       ','Amazonino Mendes XVI','A','345-7080                 ',107,'MANAUS                                            ',113232),(657,'Santa Inês','69000-000 ','2006-02-06','2003-05-10','2012-03-30','Rua A , s/nº                                                ','Santa Inês VII','A','                         ',252,'MANAUS                                            ',92652),(658,'João Paulo II                 ','69000-000 ','2008-04-09','2003-05-10','2012-12-28','Rua Elcalipto                                               ','Jorge Teixeira XXI                                ','A','                         ',303,'MANAUS                                            ',123810),(659,'Santa Inês','          ','2008-01-18','2003-05-10','2012-04-16','Rua P 3, nº 06                                              ','Santa Inês VI','A','                         ',253,'MANAUS                                            ',92192),(660,'Crespo','69073-000 ','2004-10-26','2003-05-10','2012-06-13','Rua Costa e Silva nº 2054                                   ','Crespo VII','A','                         ',260,'MANAUS                                            ',42592),(661,'Gilberto Mestrinho            ','69000-000 ','2008-01-21','2003-05-10','2012-12-07','Rua Fortaleza, nº 201                                       ','Gilberto Mestrinho I','A','                         ',152,'MANAUS                                            ',6658),(662,'Gilberto Mestrinho            ','69086-640 ','2008-04-03','2003-05-10','2011-03-10','Rua Londres, nº 582                                         ','Gilberto Mestrinho II','A','3638-6678                ',152,'MANAUS                                            ',43681),(663,'Puraquequara','69000-000 ','2008-04-09','2003-05-17','2010-03-26','                                                            ','Bela Vista I','A','                         ',120,'MANAUS                                            ',1831),(664,'Águas Claras','69000-000 ','2008-01-03','2003-05-11','2012-06-12','Rua F-9, nº 12                                              ','Águas Claras IV','A','                         ',146,'MANAUS                                            ',92112),(665,'Riacho Doce','69000-000 ','2006-08-08','2003-05-11','2012-05-10','Rua Osvaldo de Queiroz,18                                   ','Riacho Doce IV','A','                         ',155,'MANAUS                                            ',50380),(667,'Monte Sião','69000-000 ','2008-04-03','2003-05-11','2008-09-18','Rua T, Nº 275                                               ','Sião IV','A','                         ',87,'MANAUS                                            ',87293),(668,'Monte Sião','69000-000 ','2006-11-13','2003-05-11','2012-03-05','Rua Beira Rio, s/nº                                         ','Sião V','A','                         ',87,'MANAUS                                            ',35773),(669,'Cidade de Deus','69.000-00 ','2008-04-09','2003-05-11','2011-04-04','Rua Criciuma, nº 501                                        ','Cidade de Deus IX','A','                         ',88,'MANAUS                                            ',147832),(670,'José Bonifácio                ','69048-050 ','2007-02-06','2003-05-11','2012-08-02','Rua Rosa de Maio, s/nº                                      ','José Bonifácio II','A','                         ',93,'MANAUS                                            ',68774),(672,'Santa Etelvina','69093-000 ','2006-02-06','2003-05-11','2012-06-29','Rua Coletora Norte-Sul, s/nº - lot.Agnus Dei                ','Santa Etelvina XIX','A','                         ',283,'MANAUS                                            ',18560),(673,'Tarumã*                       ','69000-000 ','2007-08-10','2003-03-22','2009-10-13','Rua Portal da Cachoeira, 02                                 ','Esplanada','A','                         ',136,'MANAUS                                            ',68759),(674,'Parque Riachuelo              ','69041-220 ','2007-11-21','2003-03-22','2013-01-02','Av. Flor de Santa Rita, 489                                 ','Parque Riachuelo','A','9156-1568                ',135,'MANAUS                                            ',156894),(675,'Monte das Oliveiras*          ','69000-000 ','2006-03-02','2003-05-11','2013-01-07','Av. Mulateiro, s/nº                                         ','Monte das Oliveiras VII','A','                         ',84,'MANAUS                                            ',44194),(676,'Grande Vitória','69000-000 ','2007-07-12','2003-05-18','2012-12-07','Rua Barretos, nº 841                                        ','Grande Vitória VIII','A','                         ',145,'MANAUS                                            ',63742),(677,'Bairro Novo','69.000-00 ','2006-03-30','2003-05-08','2010-08-10','Rua P, Nº 188                                               ','Bairro Novo III','A','                         ',74,'MANAUS                                            ',127798),(678,'Lago Azul.                    ','69000-000 ','2007-07-23','2003-05-15','2012-06-13','Am 10 - Rua Alameda A - trav. 11 s/nº                       ','Lago Azul II','A','                         ',14,'MANAUS                                            ',162616),(679,'Rodovia - Am 10               ','69000-000 ','2006-01-18','2003-05-11','2012-07-11','Ramal do Acara, 10                                          ','Lago Azul III','A','                         ',14,'MANAUS                                            ',107842),(680,'Tarumã*                       ','          ','2008-04-09','2003-05-11','2013-01-21','Am 10 Km 18                                                 ','23 de Setembro                                    ','A','                         ',149,'MANAUS                                            ',65926),(681,'BR 174','69000-000 ','2008-04-09','2003-06-08','2012-04-17','km 03                                                       ','Km 03','A','                         ',149,'MANAUS                                            ',149353),(682,'Cidade Nova','69000-000 ','2006-12-11','2003-06-14','2008-09-18','Rua L, nº 16 - Cj.R.S.Pinto                                 ','Renato Souza Pinto II','A','                         ',78,'MANAUS                                            ',69732),(683,'Distrito Industrial*          ','69000-000 ','2008-04-09','2003-06-28','2008-09-01','Rua 13, nº 55 - Jardim Mauá                                 ','Jardim Mauá II','A','                         ',133,'MANAUS                                            ',69276),(684,'Novo Aleixo','69000-000 ','2006-02-06','2003-06-28','2012-08-03','Rua Antonio Sergio Vieiralves, s/nº                         ','Novo Aleixo IX','A','                         ',222,'MANAUS                                            ',45150),(685,NULL,'69000-000 ','2008-04-09','2003-06-28','2008-04-09','Lago do Moura/Ass. do Nazaré                                ','Tabocal VI - DESATIVADA       ','A','                         ',42,'MANAUS                                            ',79379),(686,'João Paulo II                 ','69088-000 ','2008-04-09','2003-06-28','2012-08-01','Rua Canela, s/nº                                            ','João Paulo VIII','A','                         ',240,'MANAUS                                            ',69592),(687,'Coroado III','69000-000 ','2008-04-08','2003-06-28','2008-11-07','Av. Beira-rio, s/nº                                         ','Coroado VII','A','                         ',166,'MANAUS                                            ',16339),(688,'Parque das Laranjeiras        ','69000-000 ','2007-09-18','2003-06-28','2012-04-16','Rua Projetada, nº 04                                        ','Parque das Laranjeiras VI','A','                         ',55,'MANAUS                                            ',45206),(689,'Novo Reino','69000-000 ','2008-04-09','2003-06-28','2012-07-12','Rua Tabatinga, 37                                           ','Novo Reino V','A','                         ',257,'MANAUS                                            ',85533),(690,'Mauazinho','69075-340 ','2007-12-31','2003-09-27','2012-06-26','Rua Bom Jesus, nº 42                                        ','Mauá V','A','                         ',209,'MANAUS                                            ',47269),(691,'BR 174','69000-000 ','2008-04-09','2003-07-27','2010-04-19','BR 174-KM41                                                 ','Comunidade Nova Canaã I','A','                         ',131,'MANAUS                                            ',26294),(692,'Santa Etelvina','69000-000 ','2006-10-25','2003-07-27','2013-01-10','Rua Jafé, 20                                                ','Santa Etelvina XX','A','                         ',66,'MANAUS                                            ',69345),(693,'Fazendinha','69097-000 ','2006-05-04','2003-08-24','2012-05-21','Rua 08 loteamento fazendinha                                ','Fazendinha II','A','                         ',125,'MANAUS                                            ',37982),(694,'Monte das Oliveiras*          ','69000-000 ','2006-09-13','2003-07-18','2009-12-10','Rua Iarapé, nº 583                                          ','Monte das Oliveiras VIII','A','                         ',84,'MANAUS                                            ',99453),(695,'Monte das Oliveiras*          ','69000-000 ','2008-04-03','2003-07-27','2011-09-09','Rua das Palmeiras, nº 291                                   ','Conjunto Jardim Raquel II','A','9165-5039                ',201,'MANAUS                                            ',91670),(696,'Conjunto Rio Piorini          ','69093-000 ','2007-06-08','2003-11-07','2009-10-27','Av. Grande Circular, nº 100                                 ','Conjunto Rio Piorini III','A','                         ',86,'MANAUS                                            ',53461),(697,'Braga Mendes','69099-000 ','2008-04-09','2003-11-02','2013-01-07','Rua Estanho, 138                                            ','Cidade de Deus X','A','                         ',249,'MANAUS                                            ',42578),(698,'Colônia Terra Nova','69000-000 ','2005-10-27','2003-07-27','2012-06-01','Rua Santo Antonio,115                                       ','Colônia da Liberdade X','A','                         ',50,'MANAUS                                            ',110785),(699,'Monte das Oliveiras*          ','69093-162 ','2007-03-08','2003-07-27','2011-04-06','Rua Louro Chumbo, nº 331                                    ','Vista Alegre IV','A','                         ',138,'MANAUS                                            ',29244),(700,'Colonia Terra Nova III*       ','69000     ','2005-11-30','2003-07-27','2013-02-04','Rua 31 de Março S/N                                         ','Colônia da Liberdade XI                           ','A','                         ',50,'MANAUS                                            ',76523),(701,'Zumbi II','69000-000 ','2005-02-15','2003-09-27','2012-06-13','Rua São Paulo, 109                                          ','Zumbi XVIII','A','                         ',235,'MANAUS                                            ',36342),(702,'Puraquequara','69000-000 ','2008-01-08','2003-08-23','2009-12-23','Ramal 09-Com. Cristo Rei                                    ','Puraquequara VIII','A','                         ',36,'MANAUS                                            ',27548),(704,'Jorge Teixeira I              ','69000-000 ','2007-05-30','2003-10-12','2010-07-05','Rua Maranata, 24                                            ','Jorge Teixeira XXVII','A','                         ',19,'MANAUS                                            ',63361),(705,'Nova Esperança II','69000-000 ','2007-06-22','2003-10-25','2011-10-10','Rua São Mateus, 01 Qd. F                                    ','Nova Esperança VII','A','                         ',194,'MANAUS                                            ',44612),(706,'Braga Mendes','69000-000 ','2006-11-14','2002-12-31','2012-07-10','Av. Grande Circular s/nº                                    ','Braga Mendes III','A','                         ',113,'MANAUS                                            ',84094),(707,'Praça 14','69020-000 ','2006-03-14','2003-11-23','2010-01-26','Rua Japurá, 1419                                            ','Praça 14 - 2                  ','A','                         ',59,'MANAUS                                            ',80751),(708,'Monte Pascoal','69000-000 ','2003-12-16','2003-12-10','2013-01-15','Rua O, s/nº                                                 ','Monte Pascoal VII                                 ','A','                         ',85,'MANAUS                                            ',94600),(709,'Compensa I','69000-000 ','2007-01-08','2004-03-28','2010-08-06','                                                            ','Compensa XV','A','                         ',163,'MANAUS                                            ',39072),(710,'Riacho Doce','69000-000 ','2005-02-14','2003-12-27','2012-11-07','Rua Plínio Paiva, 539                                       ','Riacho Doce III','A','                         ',77,'MANAUS                                            ',18301),(711,'Ramal da Coopertiva           ','          ','2008-04-09','2003-12-27','2012-01-06','Ramal da banana Br 174 km21                                 ','Ramal da Banana','A','                         ',276,'MANAUS                                            ',127320),(712,'Tarumã*                       ','          ','2008-04-09','2003-12-27','2012-01-06','                                                            ','Ramal Cristo Rei','A','                         ',275,'MANAUS                                            ',39855),(713,'BR 174','69000-000 ','2008-04-09','2004-08-29','2012-08-06','BR 174 km 67                                                ','Rio Branquinho (km67)','A','                         ',131,'MANAUS                                            ',34651),(714,'São José II - Etapa B         ','69000-000 ','2008-01-24','2003-12-31','2012-05-28','Rua Maçarico, s/nº                                          ','São José II - 3                                   ','A','                         ',27,'MANAUS                                            ',9764),(715,'Compensa III','69000-000 ','2008-04-24','2004-03-14','2012-12-06','Rua T1- Nº 16                                               ','Compensa XVI','A','                         ',183,'MANAUS                                            ',102736),(716,'Parque São Pedro              ','69000-000 ','2008-02-18','2004-06-13','2008-11-27','Rua São João, 98                                            ','São Pedro I','A','                         ',121,'MANAUS                                            ',68544),(717,'Cidade Nova','69000-000 ','2006-11-16','2004-04-18','2008-10-29','Rua da Prosperidade, s/nº                                   ','Conjunto Cidadão I','A','                         ',190,'MANAUS                                            ',68497),(719,'Cachoeirinha','69000-000 ','2006-12-05','2004-05-15','2011-10-19','Av. Carvalho Leal                                           ','Carvalho Leal','A','                         ',267,'MANAUS                                            ',6025),(720,'Fazendinha','69000-000 ','2006-05-04','2004-06-19','2011-12-06','Rua Jander, nº 28                                           ','Leão de Judá I','A','                         ',125,'MANAUS                                            ',42484),(721,'Fazendinha','69000-000 ','2008-04-08','2004-06-19','2011-12-06','Rua Rouxinol, nº 50                                         ','Leão de Judá II','A','                         ',125,'MANAUS                                            ',97983),(722,'Coroado I','69000-000 ','2007-02-01','2006-12-10','2011-03-23','Rua união, nº557                                            ','Coroado XII','A','                         ',69,'MANAUS                                            ',116879),(723,'Jorge Teixeira II*            ','69180-200 ','2008-03-03','2004-07-08','2013-01-09','Rua Tamuatá, 80                                             ','Jorge Teixeira XXV','A','                         ',74,'MANAUS                                            ',34985),(724,'Coroado III','69000-000 ','2007-08-01','2006-08-06','2012-08-03','Av. Beira-Rio, nº 169                                       ','Coroado XIII','A','                         ',295,'MANAUS                                            ',65098),(725,'Novo Aleixo','69000-000 ','2006-12-04','2004-08-22','2013-02-04','Rua Maçarico, nº 55-A                                       ','Novo Aleixo X                                     ','A','                         ',279,'MANAUS                                            ',34568),(726,'Cidade Nova','69000-000 ','2007-07-19','2004-08-22','2010-12-10','Rua Beija-flor, nº 14                                       ','Parque das Garças','A','                         ',221,'MANAUS                                            ',83389),(727,'Grande Vitória','69000-000 ','2006-01-24','2004-07-03','2011-10-07','Rua 19 de Dezembro s/n                                      ','Nova Vitória II','A','                         ',119,'MANAUS                                            ',96529),(730,'Parque São Pedro              ','69000-000 ','2006-10-02','2004-06-13','2010-09-09','Rua do Comércio, 405                                        ','São Pedro II','A','                         ',121,'MANAUS                                            ',44288),(731,'Parque São Pedro              ','69000-000 ','2008-02-18','2004-06-13','2010-09-09','Rua São Domingos, 94                                        ','São Pedro III','A','                         ',121,'MANAUS                                            ',35082),(732,'Parque Riachuelo              ','69041-200 ','2008-02-25','2004-07-11','2012-05-28','Rua Lirio Rosa,119                                          ','Parque Riachuelo II','A','                         ',135,'MANAUS                                            ',152095),(733,'Rio Solimões                  ','69000-000 ','2008-04-04','2004-07-15','2009-04-07','Rua Itaiba, nº 74                                           ','Parque Solimões II','A','                         ',136,'MANAUS                                            ',10269),(734,'Alfredo Nascimento            ','69000-000 ','2006-02-06','2004-09-26','2011-04-13','Rua Gurgel, s/nº                                            ','Alfredo Nascimento III','A','                         ',258,'MANAUS                                            ',49814),(735,'Conquista*                    ','69000-000 ','2006-04-13','2004-06-12','2012-02-01','Rua Leo Nascimento, 212                                     ','Conquista XII','A','                         ',246,'MANAUS                                            ',45969),(736,'Amazonino Mendes','69099-540 ','2008-04-09','2004-06-20','2012-11-27','Rua 53 qd 31 nº17                                           ','Amazonino Mendes XVII','A','                         ',179,'MANAUS                                            ',75972),(737,'Amazonino Mendes','          ','2008-04-09','2004-06-20','2012-12-11','                                                            ','Amazonino Mendes XVIII','A','                         ',178,'MANAUS                                            ',38887),(738,'Cidade Nova V                 ','69000-000 ','2008-04-04','2004-06-20','2008-09-18','Av. Ramos D, nº 141                                         ','Amazonino Mendes XIX','A','                         ',26,'MANAUS                                            ',59000),(739,'America do Sul','69000-000 ','2008-04-09','2004-06-12','2011-04-11','Av. Perimetral Brasil, nº 503                               ','Nova Canaã I','A','                         ',151,'MANAUS                                            ',141802),(740,NULL,'          ','2008-03-28','2004-08-22','2012-06-15','                                                            ','Jesus Me Deu V','A','                         ',115,'MANAUS                                            ',142781),(743,'Rodovoa Br. 174               ','69000-000 ','2008-04-09','2004-08-22','2012-01-06','Ramal do Pau Rosa km 21 Br 174                              ','Pau Rosa II','A','                         ',275,'MANAUS                                            ',152010),(744,'Novo Israel II','69000-000 ','2008-04-03','2004-06-12','2011-06-07','Rua Glacê, 20                                               ','Novo Israel VIII','A','3228-9271                ',97,'MANAUS                                            ',100273),(745,'Rodovoa Br. 174               ','69000-000 ','2008-04-09','2004-08-22','2012-01-06','Ramal da cooperativa km 06 BR174 km21                       ','Ramal da Cooperativa II','A','                         ',275,'MANAUS                                            ',112625),(746,'Cidade Nova','69000-000 ','2008-04-09','2008-01-02','2010-01-28','Rua 220, nº 07, nuc. 22                                     ','Cidade Nova XVI               ','I','SÓ P/JANEIRO DE 09       ',71,'MANAUS                                            ',85164),(747,'Novo Aleixo','          ','2008-04-09','2004-09-30','2011-12-20','Ivasão                                                      ','Vale da Benção','A','                         ',71,'MANAUS                                            ',38306),(748,'Colônia Terra Nova II','69000-000 ','2009-12-30','2006-03-05','2010-10-04','Rua Aipim Baré, S/Nº                                        ','Manôa IV','A','8191-2562                ',96,'MANAUS                                            ',25969),(749,'Colônia Terra Nova','69000-000 ','2008-04-22','2004-10-05','2012-07-03','Av. Chico Mendes, 165                                       ','Colônia Terra Nova V','A','                         ',9,'MANAUS                                            ',45355),(750,'Riacho Doce','69095-000 ','2006-02-06','2004-09-10','2012-05-10','Rua 26 de Agosto, 490                                       ','Centro Evang.Riacho Doce','A','                         ',77,'MANAUS                                            ',51990),(751,'Bairro da Paz                 ','69000-000 ','2007-12-12','2004-07-30','2013-01-15','Rua 02 de Maio, Nº 100                                      ','Bairro da Paz III                                 ','A','                         ',30,'MANAUS                                            ',77120),(752,'Amazonino Mendes','69000-000 ','2008-02-12','2004-03-14','2011-02-11','Rua 42 A, Qd. 128, nº 53                                    ','Amazonino Mendes XX','A','                         ',107,'MANAUS                                            ',112436),(753,'Puraquequara','69000-000 ','2008-04-09','2004-07-10','2008-08-29','Rua Anselmo Duarte, 10                                      ','Bela Vista II','A','                         ',120,'MANAUS                                            ',17086),(754,'Vila Marinho','69.000-00 ','2008-04-24','2004-07-09','2012-07-19','Beco São Francisco, 12                                      ','Vila Marinho III','A','                         ',292,'MANAUS                                            ',10165),(755,'Jorge Teixeira III*           ','69000-000 ','2008-04-09','2004-07-31','2012-06-18','Rua Nova Esperança, nº 58                                   ','Jorge Teixeira XXIX','A','                         ',53,'MANAUS                                            ',149164),(756,'Nova Canaã','69000-000 ','2007-05-08','2004-07-18','2011-10-07','Pista da Raquete s/n                                        ','Nova Vitória I','A','                         ',119,'MANAUS                                            ',79539),(757,'Cidade Nova','69000-000 ','2008-04-09','2004-08-08','2008-09-18','Av. Eduardo Braga, s/nº                                     ','Parque Eduardo Braga II','A','                         ',38,'MANAUS                                            ',47262),(758,'José Bonifácio                ','69000-000 ','2008-04-09','2004-10-10','2008-09-01','Rua. 22  s/nº                                               ','Jardim Mauá III','A','                         ',133,'MANAUS                                            ',14202),(759,NULL,'          ','2008-04-09','2008-01-02','2011-11-10','                                                            ','Cidade Nova XVI.','A','                         ',71,'MANAUS                                            ',45196),(760,'Educandos','69000-000 ','2007-04-13','2004-12-31','2012-03-09','Rua I. Guimarães-Bc. das Palhas,                            ','Educandos III','A','                         ',210,'MANAUS                                            ',89308),(761,'Educandos','69000-000 ','2008-04-09','2004-12-31','2008-04-09','Rua Cel. Gonzaga,                                           ','Educandos IV(desativada)      ','A','                         ',25,'MANAUS                                            ',39574),(762,'Rodovoa Br. 174               ','69000-000 ','2008-04-09','2005-06-19','2012-03-16','Ramal dos Três Galhos                                       ','Ramal dos Três Galhos','A','                         ',276,'MANAUS                                            ',105896),(763,'Rodovoa Br. 174               ','69000-000 ','2008-04-09','2005-04-17','2012-01-06','Ramal Boa Vida                                              ','Ramal Boa Vida','A',',                        ',275,'MANAUS                                            ',5539),(764,'Colônia Terra Nova II','69000-000 ','2005-07-27','2005-05-15','2009-10-27','Rua Nova nº 01                                              ','Colônia da Liberdade XII','A','                         ',50,'MANAUS                                            ',93754),(765,'Comunidade Bom Jesus          ','69000-000 ','2006-08-15','2005-02-06','2011-07-29','Rua Manaus nº 765                                           ','Cidade Nova XVII','A','3249-1675                ',13,'MANAUS                                            ',47481),(766,'São Jorge','69000-000 ','2007-04-02','2004-06-20','2009-12-22','Rua Elvira Dantas, nº13                                     ','São Jorge IV','A','                         ',223,'MANAUS                                            ',32575),(767,'Nova Cidade                   ','69095-000 ','2008-04-07','2005-01-02','2012-04-13','                                                            ','Conjunto Nova Cidade I','A','                         ',116,'MANAUS                                            ',20080),(768,'Nova Cidade                   ','69000-000 ','2006-10-30','2005-01-02','2012-09-14','                                                            ','Conjunto Nova Cidade II','A','                         ',247,'MANAUS                                            ',115408),(769,'Nova Cidade                   ','          ','2007-11-06','2005-03-03','2012-06-15','                                                            ','Conjunto Nova Cidade III','A','                         ',117,'MANAUS                                            ',45116),(770,'Nova Vitória                  ','69000-000 ','2008-04-09','2004-04-03','2012-10-15','Rua 01 de maio s/n                                          ','Nova Vitória III','A','                         ',254,'MANAUS                                            ',134099),(771,'João Paulo                    ','69000-000 ','2008-04-08','2005-07-05','2011-05-03','Rua São Pedro, nº 439                                       ','João Paulo XI','A','                         ',95,'MANAUS                                            ',72232),(772,NULL,'          ','2008-04-09','2003-01-01','2008-04-09','BR 174                                                      ','Anizio Jobim I                ','A','                         ',32,'MANAUS                                            ',10552),(773,NULL,'          ','2008-04-09','2003-01-01','2008-04-09','BR 174                                                      ','Anizio Jobim II               ','A','                         ',32,'MANAUS                                            ',10552),(774,'Nova Cidade                   ','69000-000 ','2008-02-15','2005-07-05','2011-12-21','Av. Curaçau, s/nº                                           ','Conjunto Nova Cidade IV','A','                         ',129,'MANAUS                                            ',67569),(775,'Nova Cidade                   ','69000-000 ','2008-03-24','2005-09-16','2011-05-02','Rua Panamá, s/nº                                            ','Conjunto Nova Cidade V','A','                         ',129,'MANAUS                                            ',22469),(776,'Santa Etelvina','69000-000 ','2007-10-29','2006-12-04','2010-05-06','Rua Rabi. Jacob Azulai, Qd.17-                              ','Conjunto João Paulo 2-1','A','                         ',130,'MANAUS                                            ',111340),(777,'Nova Cidade                   ','69000-000 ','2008-04-08','2006-12-04','2012-06-28','Rua 11, s/nº - cj. Galiléia I                               ','Conjunto Galileia II','A','                         ',132,'MANAUS                                            ',88341),(778,'Nova Cidade                   ','69000-000 ','2008-04-08','2006-12-04','2012-03-16','Rua Pr. Cristofino de Oliveira, s/nº                        ','Conjunto João Paulo 2-3','A','                         ',130,'MANAUS                                            ',116881),(779,'Nova Cidade                   ','69000-000 ','2008-04-16','2005-08-07','2011-11-22','Av. Ruy Adriano Jorge, S/Nº                                 ','Conjunto João Paulo 2-4','A','                         ',130,'MANAUS                                            ',146916),(780,'Nova Cidade                   ','69000-000 ','2007-04-10','2005-07-31','2012-05-25','Rua Caravaggio, s/nº                                        ','Conjunto Nova Cidade VI','A','                         ',128,'MANAUS                                            ',20778),(781,'Nova Cidade                   ','69000-000 ','2006-04-05','2005-08-14','2011-04-20','Rua Mikonos, s/nº                                           ','Conjunto Nova Cidade VII','A','                         ',128,'MANAUS                                            ',106012),(782,'Nova Cidade                   ','69095-000 ','2007-08-15','2005-01-08','2013-01-08','Rua 140 - qd. 254, nº 20                                    ','Conjunto Nova Cidade VIII                         ','A','                         ',285,'MANAUS                                            ',19815),(783,'Nova Cidade                   ','69095-000 ','2006-11-16','2005-08-28','2012-08-06','Rua Principal 3, QD.379                                     ','Conjunto Nova Cidade IX','A','                         ',127,'MANAUS                                            ',121776),(784,'Nova Cidade                   ','69095-000 ','2007-08-15','2005-08-07','2012-06-11','                                                            ','Conjunto Nova Cidade X','A','                         ',285,'MANAUS                                            ',111485),(785,'Nova Cidade                   ','69000-000 ','2007-11-06','2005-08-14','2012-06-15','                                                            ','Conjunto Nova Cidade XI','A','                         ',117,'MANAUS                                            ',24213),(786,'Nova Cidade                   ','69000-000 ','2007-11-06','2005-08-07','2011-03-21','                                                            ','Conjunto Nova Cidade XII','A','                         ',247,'MANAUS                                            ',121600),(787,'Nova Cidade                   ','69000-000 ','2008-04-08','2005-12-14','2012-02-28','Rua das Palmas, nº 787                                      ','Conjunto Nova Cidade XIII','A','                         ',116,'MANAUS                                            ',117340),(788,NULL,'          ','2005-09-09','1900-01-01','2005-09-09','                                                            ','Conjunto Galiléia I           ','I','                         ',132,'MANAUS                                            ',45316),(789,'Nova Cidade                   ','69000-000 ','2008-04-08','2006-12-04','2012-06-11','Rua 30, Qd. 43, s/nº - cj. Galiléia II                      ','Conjunto Galileia I.','A','                         ',132,'MANAUS                                            ',56959),(790,'Conjunto Rio Piorini          ','69000-000 ','2008-04-08','2006-12-04','2012-03-23','                                                            ','Conjunto Rio Piorini V','A','                         ',280,'MANAUS                                            ',85407),(791,'Rodovia - Am 10               ','69000-000 ','2007-09-27','2005-02-05','2012-10-01','km 45 - Am 010                                              ','Comunidade Nova Jerusalém','A','                         ',264,'MANAUS                                            ',83536),(792,'BELA VISTA                    ','69000-000 ','2009-04-09','2009-04-10','2010-12-22','Rua 15 de Novembro, s/nº                                    ','Bela Vista III','A','                         ',120,'MANAUS                                            ',32556),(793,'Parque São Pedro              ','69000-000 ','2008-04-09','2005-10-02','2008-11-27','Rua Novo Paraiso, 34                                        ','São Pedro IV','A','                         ',121,'MANAUS                                            ',42076),(794,'Nova Vitória                  ','69000-000 ','2008-04-08','2005-10-02','2012-03-02','Rua Planalto S/Nº                                           ','Nova Vitória VI','A','                         ',119,'MANAUS                                            ',79539),(795,'Nova Vitória                  ','69000-000 ','2007-06-18','2005-08-06','2011-11-11','Rua da Raquete                                              ','Nova Vitória IV','A','                         ',134,'MANAUS                                            ',147903),(796,'Nova Vitória                  ','69000-000 ','2008-01-16','2005-09-17','2011-11-11','Rua do Comércio                                             ','Nova Vitória V','A','                         ',134,'MANAUS                                            ',119857),(798,'Colônia Antonio Aleixo*       ','69000-000 ','2007-10-09','2005-09-25','2012-05-24','                                                            ','Antônio Aleixo X','A','                         ',15,'MANAUS                                            ',26937),(799,'Colônia Antonio Aleixo*       ','69000-000 ','2007-07-09','2005-09-25','2011-02-01','Conjunto Santa Maria                                        ','Antônio Aleixo XI','A','                         ',150,'MANAUS                                            ',131797),(800,'Nova Cidade                   ','69000-000 ','2007-10-19','2005-08-07','2012-03-16','Av. Pr. Alcebiades P. Vasconcelos, s/nº                     ','Conjunto João Paulo 2-2','A','                         ',130,'MANAUS                                            ',121815),(801,'Bom Pastor                    ','69000-000 ','2006-05-17','2006-02-25','2012-08-10','Rua Penetração, s/nº                                        ','Bom Pastor*','A','                         ',296,'MANAUS                                            ',9230),(802,'Grande Vitória','69000-000 ','2007-07-12','2005-10-08','2012-12-07','Rua Cabo Verde, 52                                          ','Grande Vitória IX','A','                         ',145,'MANAUS                                            ',76463),(803,'Eduardo Gomes                 ','69000-000 ','2008-04-09','2006-03-05','2009-12-22','Rua Monte Calvário, nº 105                                  ','Eduardo Gomes','A','                         ',233,'MANAUS                                            ',3397),(804,'São Francisco                 ','69063-000 ','2007-11-13','2007-02-15','2010-07-13','Rua Barbosa Rodrigues nº15                                  ','Betel','A','                         ',148,'MANAUS                                            ',48211),(805,'Cidade Nova II','690000    ','2007-05-21','2006-03-05','2012-12-24','Rua 47 nº54                                                 ','Cidade Nova XVIII','A','                         ',230,'MANAUS                                            ',67070),(806,'Grande Vitória','69000-000 ','2007-07-12','2006-04-01','2012-12-07','Rrua Caxias, s/º                                            ','Grande Vitória X','A','                         ',145,'MANAUS                                            ',92448),(807,'Parque Solimões               ','          ','2008-03-28','2006-08-26','2013-01-23','Rua Praia do Futuro                                         ','Parque Solimões III                               ','A','                         ',136,'MANAUS                                            ',2721),(808,'Parque Solimões               ','69000-000 ','2007-07-02','2007-05-05','2010-01-04','Rua Praia do Areal, nº 206                                  ','Parque Solimões IV','A','                         ',136,'MANAUS                                            ',31288),(810,'Campo Dourado','69000-000 ','2006-07-25','2006-04-30','2011-09-08','Av. Tucumã S/Nº                                             ','Campo Dourado IV','A','                         ',217,'MANAUS                                            ',25212),(811,'Novo Reino','          ','2008-01-29','2006-04-02','2012-08-08','Rua Penetração s/nº                                         ','Novo Reino VI (desativada em 01.08.12)','A','                         ',126,'MANAUS                                            ',119706),(812,'Novo Reino','          ','2006-08-09','2006-04-02','2010-03-02','Rua B s/nº                                                  ','Novo Reino VII','A','                         ',126,'MANAUS                                            ',59301),(813,'Novo Aleixo','          ','2007-07-09','2007-02-24','2012-12-27','Rua Fábio Lucena                                            ','Novo Aleixo XI','A','                         ',277,'MANAUS                                            ',58028),(814,'Cidade Nova','69000-000 ','2008-04-03','2007-04-14','2012-03-12','Rua Curió, s/nº - Pq. das Garças                            ','Parque das Garças II','A','8807-7307                ',221,'MANAUS                                            ',142381),(815,'Amazonino Mendes','69000-000 ','2008-04-04','2005-03-15','2010-11-26','Rua 02 Qd 20 nº 16                                          ','Amazonino Mendes XXI','A','                         ',180,'MANAUS                                            ',78965),(816,NULL,'69000-000 ','2008-04-09','2006-06-01','2010-04-19','Br 174 - Km 29                                              ','Tarumã','A','                         ',131,'MANAUS                                            ',124138),(817,'BR 174','69000-000 ','2008-04-09','2006-05-14','2012-08-06','Km 41 - Com. Nova. Canaã - Rua D, s/nº                      ','Comunidade Nova Canaã II','A','                         ',131,'MANAUS                                            ',36108),(818,'Parque São Pedro              ','69076-130 ','2007-05-15','2006-04-15','2009-09-16','rua Dom Luis S. Vieira, 72                                  ','São Pedro V','A','                         ',121,'MANAUS                                            ',91203),(819,'Parque São Pedro              ','          ','2006-09-30','2006-04-16','2011-07-13','Rua Santa Rita, 30                                          ','São Pedro VI','A','                         ',121,'MANAUS                                            ',6439),(820,'Alfredo Nascimento            ','          ','2008-04-09','2006-05-07','2011-04-25','Av. Grande Circular                                         ','Alfredo Nascimento IX','A','                         ',89,'MANAUS                                            ',73068),(821,'Parque Riachuelo              ','69000-000 ','2008-02-25','2007-03-15','2012-05-04','Av. São Francisco, s/nº                                     ','Parque Riachuelo IV','A','                         ',212,'MANAUS                                            ',127802),(822,'Parque Riachuelo              ','69041-280 ','2008-01-22','2006-06-25','2010-03-11','Rua Buriti,nº 116                                           ','Parque Riachuelo III','A','                         ',135,'MANAUS                                            ',19885),(823,NULL,'69000-000 ','2008-04-09','2006-06-25','2011-02-11','                                                            ','Jesus Me Deu VI','A','                         ',115,'MANAUS                                            ',107935),(824,'Jesus me Deu                  ','          ','2008-04-08','2006-07-11','2008-11-26','                                                            ','Jardim do Senhor II','A','                         ',151,'MANAUS                                            ',65163),(825,'Bete-Seã                      ','69000-000 ','2008-04-03','2006-07-11','2012-02-06','Rua Airton Sena, s/nº                                       ','Bete - Seã IV','A','                         ',10,'MANAUS                                            ',88402),(826,'Campo Sales                   ','69000-000 ','2008-04-08','2006-07-11','2011-12-05','Rua das Palmeiras, s/nº                                     ','Campo Sales VII','A','                         ',197,'MANAUS                                            ',96348),(827,'Tarumã*                       ','69000-000 ','2007-07-18','2005-09-10','2012-05-31','Estrada do Cetur, nº 827                                    ','Cetur I','A','                         ',147,'MANAUS                                            ',16065),(828,'Tarumã*                       ','69000-000 ','2007-09-24','2006-01-21','2012-02-02','Rua dos Jasmins, nº 145-Cj. Jd. Friburgo                    ','Jardim Friburgo','A','                         ',147,'MANAUS                                            ',141522),(829,'Nova Cidade                   ','          ','2008-03-26','2006-02-26','2008-03-26','Rua Secundária, Qd. 382                                     ','Conj. Nova Cidade XI (desat.) ','A','                         ',127,'MANAUS                                            ',43060),(830,'Nova Cidade                   ','69000-000 ','2008-01-02','2006-09-09','2012-06-18','Av. Curaçau, s/nº                                           ','Conjunto Nova Cidade XVI','A','                         ',144,'MANAUS                                            ',169946),(831,'Nova Vitória                  ','690009000 ','2008-02-18','2006-03-05','2011-11-11','                                                            ','Nova Vitória VIII','A','                         ',134,'MANAUS                                            ',55502),(832,'Nova Vitória                  ','69000-000 ','2007-10-09','2006-12-02','2011-10-07','Rua 05 de junho, nº118                                      ','Nova Vitória VII','A','                         ',119,'MANAUS                                            ',164441),(833,'Nova Cidade                   ','69000-000 ','2008-04-08','2006-04-30','2011-12-20','Rua Cisjordânia, s/nº                                       ','Conjunto Nova Cidade XIV','A','                         ',129,'MANAUS                                            ',71591),(834,'Fazendinha','69000-000 ','2008-04-09','2006-05-19','2010-08-06','RUA Curuai,635                                              ','Peniel','A','                         ',241,'MANAUS                                            ',28456),(836,NULL,'69000-000 ','2011-02-03','2010-09-17','2011-11-22','AM 10 - KM 53                                               ','ZF1 - KM 06','A','                         ',264,'MANAUS                                            ',83535),(837,'Cidade de Deus','          ','2008-08-18','2008-08-16','2012-06-04','                                                            ','Cidade de Deus XII','A','                         ',196,'MANAUS                                            ',116309),(838,'Parque das Laranjeiras        ','69058-783 ','2007-09-18','2006-04-01','2011-11-10','Rua Conde Tocantins, nº 22                                  ','Parque das Laranjeiras VII','A','                         ',55,'MANAUS                                            ',126770),(841,'João Paulo II                 ','69000-000 ','2007-05-15','2006-04-03','2010-12-28','Rua alfazema 2                                              ','João Paulo X','A','                         ',73,'MANAUS                                            ',11545),(842,'Mauazinho','69000-000 ','2008-04-09','2006-10-01','2011-08-04','Rua Gilberto Mestrinho, nº01                                ','Mauá VII','A','                         ',16,'MANAUS                                            ',94530),(843,'Santa Etelvina','69000-000 ','2007-10-11','2006-04-09','2012-08-01','Rua Genipapo, nº 371                                        ','Santa Etelvina XXI','A','                         ',281,'MANAUS                                            ',136740),(844,'Lírio do Vale                 ','69000-000 ','2007-01-09','2006-07-01','2010-04-23','Rua 29-A S/Nº                                               ','Lírio do Vale X','A','                         ',60,'MANAUS                                            ',88231),(845,'Nova Vitória                  ','69000-000 ','2007-02-12','2006-10-28','2012-10-15','Rua São Paulo                                               ','Nova Vitória IX','A','                         ',254,'MANAUS                                            ',132869),(846,'Novo Israel','69000000  ','2008-04-09','2006-10-28','2012-06-06','Rua  Aimoré, 03                                             ','Novo Israel IX','A','                         ',215,'MANAUS                                            ',51826),(847,'Nova Conquista                ','          ','2010-03-01','2009-12-04','2011-11-22','Rua Tefé, esquina com Autazes snº                           ','Nova Conquista III','A','                         ',90,'MANAUS                                            ',69689),(848,'Nova Vitória                  ','          ','2008-01-17','2006-10-01','2011-11-11','Rua Sol Poente                                              ','Nova Vitória X','A','                         ',134,'MANAUS                                            ',103027),(849,'Portal do Japão               ','          ','2007-03-13','2007-03-11','2012-07-11','Rua 04 Qd. B Nº 849                                         ','Primavera IV','A','                         ',110,'MANAUS                                            ',70953),(851,'Mauazinho','          ','2007-04-13','2007-04-02','2010-05-12','Av. Rio Negro, 222                                          ','Mauá VI','A','                         ',209,'MANAUS                                            ',73907),(852,'Parque das Nações','69000-000 ','2008-04-09','2007-03-25','2010-12-07','Rua Perimetral, nº 31 - Pq. das Nações                      ','Parque das Nações VI','A','8110-9208                ',160,'MANAUS                                            ',145394),(853,'Tarumanzinho                  ','69000-000 ','2008-05-05','2007-08-20','2012-05-24','Com. Deus Proverá                                           ','Vai quem quer','A','                         ',112,'MANAUS                                            ',159566),(854,'Tarumanzinho                  ','69000-000 ','2008-05-05','2008-01-05','2009-10-27','Foz  do Tucumã                                              ','Loural','A','                         ',195,'MANAUS                                            ',78005),(855,'Nova Cidade                   ','          ','2007-07-27','2007-07-01','2011-01-31','Rua 179 QD 351 s/nº                                         ','Conjunto Nova Cidade XV','A','                         ',116,'MANAUS                                            ',98197),(856,'Colônia Santo Antonio','69000-000 ','2008-04-09','2008-01-30','2010-03-15','                                                            ','Centro Evangelistico Manoa','A','                         ',199,'MANAUS                                            ',45951),(857,'Tarumanzinho                  ','69000-000 ','2008-05-05','2007-11-15','2009-10-27','Com. do Chita                                               ','Chita','A','                         ',195,'MANAUS                                            ',36248),(858,'Redenção','69000-000 ','2008-04-09','2007-11-11','2013-01-04','Rua Padre Cícero                                            ','Redenção XIV','A','                         ',8,'MANAUS                                            ',101170),(859,'Cidade Nova II','69000-000 ','2008-01-03','2007-12-30','2012-04-03','                                                            ','Boas Novas III','A','                         ',72,'MANAUS                                            ',33204),(860,'Novo Reino','69000-000 ','2008-06-06','2008-05-31','2010-02-10','Rua Rio Negro, 12                                           ','Novo Reino IX','A','                         ',154,'MANAUS                                            ',74591),(861,'Nova Cidade                   ','69000-000 ','2008-07-30','2008-08-02','2011-07-15','Rua Sergio V. de Melo - Cj. Carlos Braga                    ','Conjunto Carlos Braga','A','                         ',116,'MANAUS                                            ',52633),(862,'Tropical                      ','69000-000 ','2008-07-16','2007-10-12','2009-06-26','Rua 01 nº 26                                                ','Tropical','A','                         ',40,'MANAUS                                            ',19688),(863,'Novo Reino II                 ','69000-000 ','2008-10-02','2008-10-04','2012-07-12','Rua Anderson Dutra, s/nº                                    ','Novo Reino X','A','                         ',257,'MANAUS                                            ',25986),(864,'Rio Solimões                  ','690000    ','2008-12-26','2007-10-10','2011-05-26','Comunidade Apuaú                                            ','Apuaú','A','                         ',195,'MANAUS                                            ',100832),(866,NULL,'          ','2008-08-25','2008-08-10','2009-11-18','Km 43-Ramal Com. N. Esperança                               ','Ramal da Com.N.Esperança','A','                         ',14,'MANAUS                                            ',13599),(867,'Coroado III','          ','2008-09-01','2008-05-01','2010-03-10','Rua São Francisco, s/nº                                     ','Coroado XIV','A','8117-9387                ',167,'MANAUS                                            ',6629),(868,'São José II - Etapa B         ','69000-000 ','2008-09-03','2008-08-22','2010-07-08','Rua 15, s/nº                                                ','São José XI','A','                         ',105,'MANAUS                                            ',59822),(869,'Braga Mendes','69000-000 ','2009-01-05','2008-12-28','2013-01-07','Rua Cristasl, nº 16                                         ','Cidade de Deus XI','A','3644-9512                ',249,'MANAUS                                            ',43816),(870,'Jardim Petrópolis             ','69067-130 ','2009-01-02','2009-01-01','2012-06-13','Rua 03, nº 148                                              ','Jardim Petrópolis I','A','                         ',192,'MANAUS                                            ',51755),(871,'Colônia Nova Esperança        ','          ','2008-12-23','2004-12-05','2008-12-26','Ramal do Areal                                              ','Col. Nova Esperança','A','                         ',36,'MANAUS                                            ',96357),(872,'Monte das Oliveiras*          ','          ','2009-05-12','2008-02-07','2013-01-07','Rua Massaranduba,34                                         ','Monte das Oliveiras X                             ','A','                         ',84,'MANAUS                                            ',53434),(873,'Monte das Oliveiras*          ','          ','2009-05-12','2008-02-07','2012-10-15','Rua Massaranduba,34                                         ','Monte das Oliveiras XI','A','                         ',219,'MANAUS                                            ',153891),(874,'Brasileirinho','69000-000 ','2009-05-28','2009-06-08','2010-04-29','Ramal 08, Km 06 - Est. do Brasileirinho                     ','Brasileirinho V','A','                         ',120,'MANAUS                                            ',14869),(875,'Tancredo Neves','          ','2009-07-01','2009-06-28','2012-10-16','Rua Lírio,03                                                ','Tancredo Neves XI','A','3681-4732                ',143,'MANAUS                                            ',116261),(876,'Tancredo Neves','          ','2009-07-01','2009-06-28','2012-05-11','Rua Ripirapi                                                ','Tancredo Neves XII','A','3681-5140                ',143,'MANAUS                                            ',47867),(878,'Colônia Terra Nova','69000-000 ','2009-06-25','2008-06-16','2012-06-20','Rua Corumbá, nº 20                                          ','Vale do Jaboque II','A','91099584                 ',186,'MANAUS                                            ',144142),(879,'Colônia Terra Nova II','69093-089 ','2009-06-26','2008-03-21','2012-06-11','Rua: Coari nº 243                                           ','Vale do Jaboque III','A','32396397                 ',186,'MANAUS                                            ',54795),(880,'Conjunto Rio Piorini          ','          ','2009-08-31','2006-03-09','2013-01-09','Rua Maria Julieta Frota, s/nº                               ','Conjunto Rio Piorini VI','A','8829-4092                ',280,'MANAUS                                            ',104463),(881,'São José III','69000-000 ','2009-07-03','2009-06-27','2009-09-08','Av. Alameda Cosme Ferreira, s/nº                            ','São José VIII','A','3638-9781/ 91360138      ',67,'MANAUS                                            ',33782),(882,'Colonia Terra Nova III*       ','69000-000 ','2009-07-07','2009-07-07','2011-02-04','Rua Monte roraima, nº 667                                   ','Colonia da Liberdade XIII','A','                         ',50,'MANAUS                                            ',80317),(883,'Monte das Oliveiras*          ','69000-000 ','2009-07-07','2009-07-07','2011-02-02','Av. Passarinho, s/º                                         ','Colonia da Liberdade XIV','A','                         ',50,'MANAUS                                            ',48717),(884,'Glória','          ','2009-07-28','2009-05-12','2012-01-03','Rua 1º de Julho, nº 253                                     ','Glória II','A','88148669/88012681        ',273,'MANAUS                                            ',36660),(885,'Novo Israel II','69000-000 ','2009-12-28','2009-08-29','2012-03-06','Rua São Marcos, nº 33                                       ','Novo Israel X','A','8156-0023                ',97,'MANAUS                                            ',92541),(886,'Colônia Antonio Aleixo*       ','69000-000 ','2010-08-09','2010-08-07','2012-05-24','Rua Santa Helena, nº 19                                     ','Antônio Aleixo XII','A','8125-4105                ',15,'MANAUS                                            ',95428),(888,'Jorge Teixeira - 4ª Etapa*    ','69000.000 ','2010-04-29','2010-07-17','2012-02-27','Rua 05 de maio, s/nº                                        ','Renovo','A','8151-0633                ',256,'MANAUS                                            ',92172),(889,'Nova Cidade                   ','69000-000 ','2009-09-04','2009-09-04','2012-09-04','Rua: 246 nº 28                                              ','Conjunto Cidadão VII','A','88081426                 ',202,'MANAUS                                            ',42797),(891,'Santa Etelvina','69000-000 ','2009-10-20','2009-11-01','2012-02-02','Rua Dom Miltom, s/nº                                        ','Santa Etelvina XXII','A','                         ',17,'MANAUS                                            ',51503),(892,'Nova Cidade                   ','69000-000 ','2009-12-07','2009-12-01','2012-03-14','                                                            ','Moriá','A','                         ',144,'MANAUS                                            ',76963),(893,'Nova Cidade                   ','69000-000 ','2009-12-07','2009-12-05','2012-05-17','                                                            ','Getsemâni                                         ','A','                         ',144,'MANAUS                                            ',31638),(895,'Riacho Doce','          ','2010-01-04','2010-01-04','2011-11-22','Rua Taruma,05                                               ','Riacho Doce V','A','92309615                 ',77,'MANAUS                                            ',86332),(897,'Chapada','69000-000 ','2009-07-15','2009-07-19','2009-09-11','Av. Djalma Batista. nº 125                                  ','Djalma Batista II','A','                         ',204,'MANAUS                                            ',29130),(899,'Amazonino Mendes','          ','2010-02-05','2010-02-07','2011-11-22','Rua 61 Qd 22 nº 21                                          ','Amazonino Mendes XXII','A','8401-0408                ',26,'MANAUS                                            ',113787),(900,'Compensa II','          ','2010-11-03','2010-10-29','2010-11-03','Rua São Maçal 1515                                          ','Compensa XVII','A','9968-8466                ',4,'MANAUS                                            ',86417),(901,'Coroado III','69000-000 ','2011-01-28','2011-02-01','2012-08-03','Rua João Walter, nº                                         ','Coroado XVI','A','                         ',295,'MANAUS                                            ',18518),(902,'Grande Vitória','69000-000 ','2009-12-23','2010-01-01','2012-11-08','Rua Amaturá, nº 19                                          ','Grande Vitória XI','A','                         ',145,'MANAUS                                            ',127852),(903,'Colônia Japonesa              ','          ','2009-12-18','2009-10-05','2012-07-11','Rua Cachoeira Grande, s/nº -                                ','Primavera V','A','91226337                 ',110,'MANAUS                                            ',33752),(904,'Vale do Sinai','69000-000 ','2010-01-05','2010-01-09','2011-11-22','Rua 26, s/nº                                                ','Monte Sinai IV','A','                         ',200,'MANAUS                                            ',20038),(906,'Cidade Nova II','69000-000 ','2010-01-05','2008-02-15','2012-10-22','Rua 22, Nc. 03, nº 29                                       ','Cidade Nova XIX','A','8217-6612                ',108,'MANAUS                                            ',170528),(907,'Parque das Nações','          ','2010-03-17','2010-03-01','2011-10-17','Rua Egito s/nº                                              ','Parque das Nações VII','A','91700813                 ',31,'MANAUS                                            ',42335),(910,'Parque Santa Etelvina         ','69000-000 ','2010-01-07','2009-07-01','2012-04-20','Rua D, S/Nº                                                 ','Santa Etelvina XXIII','A','                         ',65,'MANAUS                                            ',49697),(913,'Monte das Oliveiras*          ','69000-000 ','2011-07-26','2008-06-16','2011-11-22','Beco Buriti, s/nº 75                                        ','Monte Cristo II','A','9167-4686                ',242,'MANAUS                                            ',70829),(914,'Grande Vitória','69000-000 ','2009-12-23','2010-01-01','2012-12-07','Rua Barreto, nº 26                                          ','Grande Vitória XII','A','                         ',145,'MANAUS                                            ',84032),(917,NULL,'69000-000 ','2009-12-22','2010-11-04','2012-04-12','                                                            ','Nova Bênção','A','                         ',213,'MANAUS                                            ',38580),(918,'Tancredo Neves','69085-000 ','2011-01-12','2008-01-01','2012-08-03','Rua Bernardo Cabral, nº 26                                  ','Tancredo Neves XIII','A','9239-6421                ',251,'MANAUS                                            ',29556),(919,'Tancredo Neves','69000-000 ','2010-05-06','2008-01-01','2011-08-30','Rua Carlos Drumond de Andrade Nº 11                         ','Tancredo Neves XIV','A','3645-1503                ',143,'MANAUS                                            ',29366),(923,'Colônia Santo Antonio','69000-000 ','2011-08-02','2010-11-28','2011-08-02','Rua Santo Antonio, s/nº                                     ','Colonia Santo Antonio VII','A','                         ',97,'MANAUS                                            ',7586),(924,'Novo Israel','69000-000 ','2012-06-01','2011-12-30','2012-06-01','Rua Bom Jardim, Nº 26                                       ','Novo Israel XI','A','9203-0544                ',97,'MANAUS                                            ',45364),(925,'Nova Conquista                ','69000-000 ','2010-02-10','2008-11-10','2011-11-22','Rua Iranduba, nº 411                                        ','Nova Conquista IV','A','9125-8131                ',184,'MANAUS                                            ',143251),(926,'Amazonino Mendes','          ','2010-10-13','2010-02-06','2012-11-27','Rua 20 qd 39-A nº 32                                        ','Amazonino Mendes XXIII','A','                         ',179,'MANAUS                                            ',46909),(929,'Novo Reino','69000000  ','2011-12-29','2010-03-10','2011-12-29','Rua Almir Cardoso s/n                                       ','Novo Reino XI','A','                         ',90,'MANAUS                                            ',26847),(930,'Conjunto Cidadão              ','69000-000 ','2010-03-05','2010-02-13','2011-11-22','Av. Margarita, S/Nº                                         ','Conjunto Cidadão VI','A','3681-7604                ',237,'MANAUS                                            ',33681),(931,'Conjunto Cidadão              ','69000-000 ','2010-03-05','2010-02-07','2012-05-16','Rua 111, S/Nº                                               ','Conjunto Cidadão VIII                             ','A','3681-7604                ',237,'MANAUS                                            ',33681),(932,'Conjunto Cidadão              ','69000-000 ','2010-03-11','2010-03-14','2012-07-06','Rua Água Viva, Nº 932                                       ','Conjunto Cidadão IX (Prov.)','A','9163-4686                ',238,'MANAUS                                            ',25124),(933,'Cidade de Deus','690000    ','2010-08-03','2010-08-01','2012-12-05','Atletico Paranaense                                         ','Cidade de Deus XIII','A','88390585                 ',88,'MANAUS                                            ',51251),(935,'Cidade de Deus','69099-279 ','2010-03-11','2010-03-20','2012-01-04','Rua São Vicente,106                                         ','Cidade de Deus V','A','9100-0506                ',274,'MANAUS                                            ',115242),(936,'São José dos Campos','69000-000 ','2010-03-23','2010-02-20','2012-06-26','Rua Xiborena, nº 240                                        ','São José I-3','A','9105-6831                ',12,'MANAUS                                            ',18330),(937,'Redenção','69000-000 ','2010-03-16','2010-03-14','2012-08-03','Rua Mirasselva, s/nº                                        ','Redenção XVI','A','91009466                 ',80,'MANAUS                                            ',71064),(938,'BR 174','          ','2010-10-04','2010-09-19','2010-10-08','Br 174 km 67 zf4 - km 40                                    ','Rio Branquinho II','A','                         ',131,'MANAUS                                            ',13547),(939,'Redenção','          ','2010-04-05','2010-04-05','2012-09-13','Rua Carauari, 14                                            ','Redenção XVII','A','                         ',232,'MANAUS                                            ',133516),(940,'Cidade Nova I','69000000  ','2010-06-17','2010-05-07','2012-08-06','Rua Mariuá, n145                                            ','Cidade Nova XX','A','36451503                 ',13,'MANAUS                                            ',41108),(941,NULL,'          ','2010-09-27','2010-09-11','2011-11-22','Comunidade Santa Izabel                                     ','Santa Izabel','A','                         ',195,'MANAUS                                            ',78166),(942,'Águas Claras','69000-000 ','2010-11-04','2010-07-17','2012-06-12','Rua NOB3  Nº255                                             ','Aguas Claras V','A','9218-8147                ',146,'MANAUS                                            ',82989),(943,'Águas Claras','69000-000 ','2010-11-04','2010-07-17','2011-08-24','Rua LO-D1  Nº01                                             ','Aguas Claras VI (DESATIVADA)','A','9157-9551                ',146,'MANAUS                                            ',16896),(944,'Santa Etelvina','69000-000 ','2010-08-23','2010-08-07','2010-09-10','                                                            ','Conjunto Jardim Raquel III','A','3651-3407                ',201,'MANAUS                                            ',113668),(945,'Japiim','          ','2011-07-01','2010-03-13','2012-08-03','Rua Britânica, nº 36                                        ','Petropolis III','A','                         ',5,'MANAUS                                            ',73784),(946,'Monte das Oliveiras*          ','69000-000 ','2010-12-03','2010-01-20','2012-02-23','Rua Castanheira, nº 20                                      ','Monte das Oliveiras XII','A','81575873                 ',266,'MANAUS                                            ',127331),(947,'Monte das Oliveiras*          ','69000-000 ','2010-12-03','2010-04-10','2013-01-07','Rua Arueira, n º 619                                        ','Monte das Oliveiras XIII','A','                         ',84,'MANAUS                                            ',137442),(948,'Monte das Oliveiras*          ','69000-000 ','2010-12-03','2010-06-08','2012-02-23','Rua Louro Gamela, nº 125-C                                  ','Monte das Oliveiras XIV','A','                         ',266,'MANAUS                                            ',119538),(949,'CONJ. NOVA CIDADE I           ','          ','2010-12-15','2010-12-01','2012-07-02','Rua Principal 03 s/n                                        ','Conjunto Nova Cidade XVII','A','9170-3144                ',284,'MANAUS                                            ',36947),(950,'Parque das Laranjeiras        ','69000-000 ','2010-12-10','2010-11-01','2011-11-22','Travessa Taguá, nº 37                                       ','Parque das Laranjeiras VIII','A','9100-6828                ',270,'MANAUS                                            ',63970),(951,'Cidade de Deus','69099-267 ','2011-02-18','2011-02-18','2012-01-04','Rua Santo Antônio, nº 53                                    ','Cidade de Deus XIV','A','9231-5602                ',274,'MANAUS                                            ',119963),(952,'Cidade Nova II','          ','2011-03-21','2011-03-30','2011-08-16','Rua 141 qd 270 nº 47 nucleo 13                              ','Cidade Nova XXI','A','91378914                 ',13,'MANAUS                                            ',163944),(953,'Tancredo Neves','          ','2011-03-10','2011-03-14','2011-03-10','Av beira Mar                                                ','Tancredo Neves XV','A','                         ',20,'MANAUS                                            ',88243),(954,'Jardim Petrópolis             ','69000-000 ','2011-06-27','2011-02-04','2012-06-13','Rua 04   nº04                                               ','Jardim Petrópolis II','A','9177-0015/               ',192,'MANAUS                                            ',80717),(955,'Ouro Verde','69000-000 ','2011-06-30','2011-07-03','2012-01-02','Rua Buriti, nº                                              ','Ouro Verde X','A','8826-3375                ',49,'MANAUS                                            ',28899),(956,'São José III','          ','2011-04-05','2011-04-02','2012-04-03','Rua Marginal                                                ','São José IX','A','                         ',67,'MANAUS                                            ',6325),(957,NULL,'          ','2011-05-16','2011-05-22','2011-12-15','Rio Negro                                                   ','Costa do Ubim','A','                         ',195,'MANAUS                                            ',78019),(958,'Novo Israel','69000-000 ','2011-08-02','2011-08-01','2012-04-05','Av,Chico Mendes nº225                                       ','Filadélfia II','A','3228-2966                ',243,'MANAUS                                            ',168859),(959,'Monte das Oliveiras*          ','69000-00  ','2011-08-01','2010-12-15','2013-01-07','Av.Preciosa   Nº1742                                        ','Monte das Oliveiras XV','A','91340501                 ',84,'MANAUS                                            ',99464),(960,NULL,'          ','2011-08-05','2011-07-30','2011-08-12','Igarapé do Moura - Rio Negro                                ','Igarapé do Moura (Monte Sinai)','A','                         ',195,'MANAUS                                            ',150451),(961,'Nova Cidade                   ','69000-000 ','2011-09-14','2011-09-01','2011-11-22','Rua Coletora A                                              ','Conjunto Cidadão XII','A','8808-1426                ',202,'MANAUS                                            ',56358),(962,'Cidade de Deus','69000-000 ','2011-09-08','2011-09-01','2012-02-09','Rua Uirapuru nº                                             ','Jardim Botanico II','A','92133317                 ',245,'MANAUS                                            ',33821),(964,'Santa Etelvina','69000000  ','2011-10-14','2011-10-14','2012-06-21','Rua Apostolo Matheus, nº 14                                 ','Comunidade Peniel I','A','9224-0704                ',282,'MANAUS                                            ',125297),(965,'Santa Etelvina','69000000  ','2011-10-14','2011-10-14','2011-10-14','Rua Alameda A/Qd. 02, S/N                                   ','Santa Etelvina XXIV','A','9105-2417                ',66,'MANAUS                                            ',62527),(966,'Tancredo Neves','          ','2011-11-28','2010-11-10','2011-11-28','Rua gaivota nª649  com. de Deus                             ','Tancredo Neves XVI','A','91792379                 ',20,'MANAUS                                            ',97216),(967,'Fazendinha','69000-000 ','2012-02-07','2011-03-05','2012-04-24','Rua das Colheiras, s/n                                      ','Shekinah','A','9138-8436                ',125,'MANAUS                                            ',79740),(968,'São José III','69000-000 ','2012-04-03','2012-04-01','2012-04-03','Alameda Cosme Ferreira, s/nº                                ','São José XII','A','9303-3875                ',67,'MANAUS                                            ',90430),(969,'Monte Sião','69000-000 ','2012-02-28','2012-01-07','2012-03-05','Rua da Flores, nº 52                                        ','Sião VI','A','9158-3680                ',87,'MANAUS                                            ',82612),(970,'Compensa I','69000000  ','2012-03-02','2011-09-12','2012-08-10','Av. Cel. Cirilo Neves, 573 - Vila Mar. Dutra                ','Vila Marinho IV','A','9183-6392                ',293,'MANAUS                                            ',86666),(971,NULL,'          ','2012-10-02','2011-12-20','2012-10-02','Comunidade São Sebastião                                    ','Rio Cuieiras','A','                         ',195,'MANAUS                                            ',77971),(973,'Puraquequara','69000-000 ','2012-06-26','2012-07-14','2012-06-26','Lago do Puraquequara, s/nº                                  ','Boa Vista II                                      ','A','9245-2168                ',120,'MANAUS                                            ',43643),(974,'Coroado III','69000-000 ','2012-06-29','2012-07-29','2012-08-03','Av. Astro Barroso, nº 75                                    ','Coroado XVII','A','                         ',294,'MANAUS                                            ',66940),(975,'Coroado III','69000-000 ','2012-06-29','2012-07-29','2012-06-29','Rua Ouro Preto, Nº 874                                      ','Coroado XVIII                                     ','A','                         ',11,'MANAUS                                            ',79420),(976,'Monte Pascoal','69000-000 ','2012-07-05','2012-07-01','2012-07-05','Rua São Feliciano, nº 288                                   ','Monte Pascoal IV','A','9383-5035                ',85,'MANAUS                                            ',78202),(977,'Santa Etelvina','69000-00  ','2012-08-13','2012-07-29','2013-01-16','Rua 02 nº37 com.novo milenio                                ','Com.Novo Milênio','A','                         ',282,'MANAUS                                            ',49819),(978,'Santa Etelvina','69000-000 ','2012-07-10','2012-07-08','2012-07-10','Rua Mulateiro, s/nº                                         ','Conjunto Jardim Raquel IV','A','9130-4936                ',201,'MANAUS                                            ',19579),(979,'Cidade de Deus','69000-000 ','2012-07-06','2012-07-01','2012-07-06','Rua São Luiz, nº 67                                         ','Cidade de Deus XV','A','9217-1689                ',52,'MANAUS                                            ',130538),(980,'Novo Aleixo','          ','2012-08-21','2012-08-02','2012-11-14','RUA ITAPURA, S/N                                            ','Novo Aleixo XII','A','9334-0885                ',221,'MANAUS                                            ',12346),(981,'Monte das Oliveiras*          ','          ','2012-08-10','2012-08-04','2012-08-10','Rua G                                                       ','Samauma II','A','                         ',218,'MANAUS                                            ',57127),(983,'Santa Etelvina','69000000  ','2012-10-18','2012-08-10','2013-01-24','Rua II, nº 13                                               ','Comunidade Acará','A','9111-0467                ',282,'MANAUS                                            ',57113),(985,'Parque das Laranjeiras        ','690000    ','2012-11-30','2012-12-01','2013-01-02','Rua G 3  s/n                                                ','Parque das Laranjeiras IX','A','93893048                 ',82,'MANAUS                                            ',120187),(987,'Compensa I','69000-000 ','2012-12-31','2012-12-29','2012-12-31','Estrada da Compensa nº 717                                  ','Compensa XVIII                                    ','A','                         ',302,'MANAUS                                            ',21083),(988,'Bairro da Paz                 ','69000-000 ','2013-01-08','2008-07-08','2013-01-08','Rua Comandante N. Albuquerque, nº 175                       ','Torquato Tapajós                                  ','A','                         ',156,'MANAUS                                            ',11111),(993,NULL,'          ','2006-04-12','1900-01-01','2006-04-12','Av.                                                         ','Centro Evang. da Unei         ','I','                         ',200,'MANAUS                                            ',1668),(994,'Santo Antonio','          ','2006-08-30','1900-01-01','2006-08-30','BR 174                                                      ','Complexo P. Anísio Jobim      ','I','                         ',32,'MANAUS                                            ',10552),(995,NULL,'          ','2008-04-09','2000-01-01','2009-10-27','                                                            ','Ajuste de Relatório           ','A','                         ',300,'MANAUS                                            ',4030),(996,'Puraquequara','          ','2008-04-09','2003-01-01','2008-09-01','Est. do Puraquequara                                        ','Cadeia do Puraquequara        ','A','                         ',32,'MANAUS                                            ',10552),(997,'Centro','69000-000 ','2008-04-09','2003-01-01','2008-09-01','Av. 7 de Setembro, s/n                                      ','Igreja Carcerária Vidal Pessoa','A','                         ',32,'MANAUS                                            ',10552),(998,'Centro','69.000-00 ','2008-04-09','2000-01-01','2010-12-02','                                                            ','Ceadam                        ','A','                         ',0,'MANAUS                                            ',2254),(999,'Centro','          ','2008-04-09','2000-01-01','2010-12-02','                                                            ','CEADAM II                     ','A','                         ',0,'MANAUS                                            ',2254),(1000,'Parque Mauá                   ','69000-000 ','2001-12-24','1991-08-19','2001-12-24','Rua do Areal, nº 07                               ','Parque Mauá IV                ','I','                         ',64,'MANAUS                                            ',64957),(1001,'Jorge Teixeira III*           ','69000-000 ','2001-12-20','2001-10-14','2001-12-20','Av. Tapajós, nº  118                              ','Jorge Teixeiera XXIV          ','I','                         ',53,'MANAUS                                            ',60140),(2000,'Centro','69020-140 ','2008-04-09','2005-01-01','2010-12-02','Rua Duque de Caxias, 340                                    ','MEMBRO S/CONGREGAÇÃO          ','A','3234-8804                ',0,'MANAUS                                            ',4030),(2001,'Centro','69000-000 ','2007-08-01','1900-01-01','2007-08-01','Rua Duque de Caxias, 340                                    ','Congreção desativada          ','I','                         ',200,'MANAUS                                            ',4030),(2002,NULL,'69000-000 ','2012-02-29','2012-01-01','2012-02-29','                                                            ','Pq. Eduardo Braga - P. de Preg                    ','I','                         ',233,'MANAUS                                            ',3397),(2003,NULL,'69000-000 ','2012-03-07','2012-01-01','2012-03-07','                                                            ','Zumbi 02                                          ','I','                         ',235,'MANAUS                                            ',1519),(2004,NULL,'69000-000 ','2012-03-07','2012-01-01','2012-03-09','                                                            ','Alfredo Nascimento IV - Ponto de Pregação         ','I','                         ',263,'MANAUS                                            ',22882),(5000,NULL,'69000-000 ','2011-11-07','2012-01-02','2012-02-01','                                                            ','Tancredo Neves P. de Pregação ','A','                         ',142,'MANAUS                                            ',26630),(5001,NULL,'69000-000 ','2012-01-10','2012-01-02','2012-03-05','                                                            ','Grande Vitória P. de Pregação                     ','A','                         ',91,'MANAUS                                            ',116942),(5002,NULL,'69000-000 ','2012-01-10','2012-01-02','2012-02-15','                                                            ','Grande Vitória 2 - P.de Preg. ','A','                         ',91,'MANAUS                                            ',116942),(5003,'Adrianópolis                  ','          ','2012-01-24','2012-01-01','2012-05-07','                                                            ','Adrianopolis II - P. de Preg.','A','                         ',255,'MANAUS                                            ',102852),(5004,NULL,'69000-000 ','2012-02-01','2012-01-02','2012-02-15','                                                            ','Vitória Régia - P. de Pregação','A','                         ',68,'MANAUS                                            ',3997),(5005,NULL,'69000-000 ','2012-02-02','2012-01-02','2012-02-15','                                                            ','Monte Cristo - P. de Preg.    ','A','                         ',242,'MANAUS                                            ',13155),(5006,NULL,'69000-000 ','2012-02-02','2012-01-02','2012-02-15','                                                            ','Monte Cristo 2 - P. de Preg.  ','A','                         ',242,'MANAUS                                            ',13155),(5007,NULL,'          ','2012-02-03','2012-02-03','2012-02-15','                                                            ','Pq.  Riachuelo IV - P.de Preg.','A','                         ',135,'MANAUS                                            ',10717),(5008,NULL,'69000-000 ','2012-02-15','2012-01-02','2012-02-15','                                                            ','J. Teixeira IV -1- P. de Preg.','A','                         ',47,'MANAUS                                            ',22474),(5009,NULL,'69000-000 ','2012-02-15','2012-01-02','2012-02-15','                                                            ','Tabocal - P. de Prega.        ','A','                         ',42,'MANAUS                                            ',37729),(5010,NULL,'69000-000 ','2012-02-15','2012-01-02','2012-02-15','                                                            ','Tabocal 2 - P. de Preg.       ','A','                         ',42,'MANAUS                                            ',37729),(5011,NULL,'69000-000 ','2012-02-15','2012-01-02','2012-02-15','                                                            ','Pq. Riachuelo II -1 - P. Preg.','A','                         ',213,'MANAUS                                            ',23893),(5012,NULL,'69000-000 ','2012-02-15','2012-01-02','2012-02-15','                                                            ','Petrópolis - P. de Preg.      ','A','                         ',5,'MANAUS                                            ',7381),(5013,NULL,'69000-000 ','2012-02-15','2012-01-02','2012-02-15','                                                            ','Ouro Verde - P. de Preg.      ','A','                         ',49,'MANAUS                                            ',14933),(5014,NULL,'69000-000 ','2012-02-15','2012-01-02','2012-02-15','                                                            ','Pq. Mauá II-1 - P. de Preg.   ','A','                         ',133,'MANAUS                                            ',14365),(5015,NULL,'69000-000 ','2012-02-15','2012-01-01','2012-02-15','                                                            ','Coroado - P. de Preg.         ','A','                         ',11,'MANAUS                                            ',6970),(5016,NULL,'69000-000 ','2012-02-15','2012-01-01','2012-02-15','                                                            ','Maravilha II-1- P. de Preg.   ','A','                         ',195,'MANAUS                                            ',32927),(5017,NULL,'69000-000 ','2012-02-15','2012-01-01','2012-02-15','                                                            ','Maravilha II-2 - P. de Preg.  ','A','                         ',195,'MANAUS                                            ',32927),(5018,NULL,'69000-000 ','2012-02-15','2012-01-01','2012-02-15','                                                            ','Maravilha II-3 - P. de Preg.  ','A','                         ',195,'MANAUS                                            ',32927),(5019,NULL,'69000-000 ','2012-02-15','2012-01-01','2012-02-15','                                                            ','Novo Aleixo - P. de Preg.     ','A','                         ',94,'MANAUS                                            ',147023),(5020,NULL,'69000-000 ','2012-02-15','2012-01-01','2012-02-15','                                                            ','Novo Aleixo 2 - P. de Preg.   ','A','                         ',94,'MANAUS                                            ',147023),(5021,NULL,'69000-000 ','2012-02-15','2012-01-01','2012-02-15','                                                            ','Novo Aleixo 3 - P. de Preg.   ','A','                         ',94,'MANAUS                                            ',147023),(5022,NULL,'69000-000 ','2012-02-15','2012-01-01','2012-02-15','                                                            ','Jardim Petrópolis-P. de Preg. ','A','                         ',192,'MANAUS                                            ',147500),(5023,NULL,'69000-000 ','2012-02-15','2012-01-01','2012-02-15','                                                            ','Am 10 Km 30-1- P. de Preg.    ','A','                         ',14,'MANAUS                                            ',16133),(5024,NULL,'69000-000 ','2012-02-15','2012-01-01','2012-02-15','                                                            ','Am 10 Km 30-2 - P. de Preg.   ','A','                         ',14,'MANAUS                                            ',140226),(5025,NULL,'69000-000 ','2012-02-15','2012-01-01','2012-02-15','                                                            ','Am 10 Km 30-3 - P. de Preg.   ','A','                         ',14,'MANAUS                                            ',16133),(5026,NULL,'69000-000 ','2012-02-15','2012-01-01','2012-02-15','                                                            ','Am 10 Km 30-4 - P. de Preg.   ','A','                         ',14,'MANAUS                                            ',16133),(5027,NULL,'69000-000 ','2012-02-24','2012-01-01','2012-02-24','                                                            ','Canaranas - p. de preg.                           ','A','                         ',38,'MANAUS                                            ',3547),(5028,NULL,'69000-000 ','2012-02-24','2012-01-01','2012-02-24','                                                            ','Canaranas II - p. de preg                         ','A','                         ',38,'MANAUS                                            ',3547),(5029,NULL,'69000-000 ','2012-02-24','2012-01-01','2012-02-24','                                                            ','Canaranas III - P. de Preg.                       ','A','                         ',38,'MANAUS                                            ',3547),(5030,NULL,'69000-000 ','2012-02-24','2012-01-01','2012-02-24','                                                            ','São Francisco - P. de Preg                        ','A','                         ',41,'MANAUS                                            ',686),(5031,NULL,'69000-000 ','2012-02-24','2012-01-01','2012-02-24','                                                            ','Cidade de Deus - P. de Preg                       ','A','                         ',52,'MANAUS                                            ',3104),(5032,NULL,'69000-000 ','2012-02-28','2012-01-01','2012-02-28','                                                            ','Compensa III - P. de Pregação                     ','A','                         ',56,'MANAUS                                            ',6541),(5033,NULL,'69000-000 ','2012-02-28','2012-01-01','2012-02-28','                                                            ','União - P. de Pregação                            ','A','                         ',63,'MANAUS                                            ',1501),(5034,NULL,'69000-000 ','2012-02-28','2012-01-01','2012-02-28','                                                            ','União II - P. de Pregação                         ','A','                         ',63,'MANAUS                                            ',1501),(5035,NULL,'69000-000 ','2012-02-28','2012-01-01','2012-02-28','                                                            ','Mauazinho - P. de Pregação                        ','A','                         ',64,'MANAUS                                            ',11066),(5036,NULL,'69000-000 ','2012-02-28','2012-01-01','2012-02-28','                                                            ','Santa Etelvina - P.de Pregação                    ','A','                         ',66,'MANAUS                                            ',8382),(5037,NULL,'69000-000 ','2012-02-28','2012-01-01','2012-02-28','                                                            ','Vitória Régia - P.de Pregação                     ','A','                         ',68,'MANAUS                                            ',3997),(5038,NULL,'69000-000 ','2012-02-28','2012-01-01','2012-02-28','                                                            ','Coroado - P. de Pregação                          ','A','                         ',70,'MANAUS                                            ',4813),(5039,NULL,'69000-000 ','2012-02-28','2012-01-01','2012-02-28','                                                            ','Monte Sião - P. de Pregação                       ','A','                         ',87,'MANAUS                                            ',4413),(5040,NULL,'69000-000 ','2012-02-28','2012-01-01','2012-02-28','                                                            ','Armando Mendes - P.de Preg.                       ','A','                         ',102,'MANAUS                                            ',7613),(5041,NULL,'69000-000 ','2012-02-28','2012-01-01','2012-11-21','                                                            ','Arm. Mendes II - P.de Preg.                       ','A','                         ',102,'MANAUS                                            ',7613),(5042,NULL,'69000-000 ','2012-02-28','2012-01-01','2012-02-28','                                                            ','Armando Mendes III - P. de Pre                    ','A','                         ',102,'MANAUS                                            ',7613),(5043,NULL,'69000-000 ','2012-02-28','2012-01-01','2012-02-28','                                                            ','Maravilha I - P.de Preg.                          ','A','                         ',112,'MANAUS                                            ',3830),(5044,NULL,'69000-000 ','2012-02-28','2012-01-01','2012-02-28','                                                            ','Nova Vitória - P. de Preg.                        ','A','                         ',119,'MANAUS                                            ',41672),(5045,NULL,'69000-000 ','2012-02-28','2012-01-01','2012-02-28','                                                            ','São Pedro - P. de Pregação                        ','A','                         ',121,'MANAUS                                            ',44348),(5046,NULL,'69000-000 ','2012-02-28','2012-01-01','2012-02-28','                                                            ','Fazendinha - P. de Pregação.                      ','A','                         ',125,'MANAUS                                            ',27862),(5047,NULL,'69000-000 ','2012-02-28','2012-01-01','2012-03-26','                                                            ','BR 174 - Km 28  - 1 P.de Preg.                    ','A','                         ',131,'MANAUS                                            ',36108),(5048,NULL,'69000-000 ','2012-02-28','2012-01-01','2012-03-26','                                                            ','BR 174 Km 32 - 2 -P. de Preg.                     ','A','                         ',131,'MANAUS                                            ',36108),(5049,NULL,'69000-000 ','2012-02-28','2012-01-01','2012-02-28','                                                            ','Conj. Riachuelo - P. de Preg.                     ','A','                         ',135,'MANAUS                                            ',10717),(5050,NULL,'69000-000 ','2012-02-28','2012-01-01','2012-02-28','                                                            ','Nova Esperança II - P. de Preg                    ','A','                         ',137,'MANAUS                                            ',16923),(5051,'Chico Mendes                  ','69000-000 ','2012-02-28','2012-01-01','2012-04-03','Rua Uirapurú, s/nº                                          ','Deus Proverá - P. de Pregação                     ','A','9400-1113                ',141,'MANAUS                                            ',40769),(5052,NULL,'69000-000 ','2012-02-29','2012-01-01','2012-02-29','                                                            ','Gilberto Mestrinho - P. de Pre                    ','A','                         ',152,'MANAUS                                            ',3597),(5053,NULL,'69000-000 ','2012-02-29','2012-01-01','2012-02-29','                                                            ','Rua Amazonas - P. de Preg.                        ','A','                         ',159,'MANAUS                                            ',33155),(5054,NULL,'69000-000 ','2012-02-29','2012-01-01','2012-02-29','                                                            ','Brasileirinho - P. de Preg.                       ','A','                         ',161,'MANAUS                                            ',20503),(5055,NULL,'69000-000 ','2012-02-29','2012-01-01','2012-02-29','                                                            ','Umariza - P. de Preg.                             ','A','                         ',165,'MANAUS                                            ',14785),(5056,NULL,'69000-000 ','2012-02-29','2012-01-01','2012-02-29','                                                            ','Crespo II - P. de Preg.                           ','A','                         ',173,'MANAUS                                            ',839),(5057,NULL,'69000-000 ','2012-02-29','2012-01-01','2012-02-29','                                                            ','Conj. Cidadão I - P. de Preg.                     ','A','                         ',190,'MANAUS                                            ',68497),(5058,NULL,'69000-000 ','2012-02-29','2012-01-01','2012-02-29','                                                            ','Lírio do Vale III - P. de Preg                    ','A','                         ',193,'MANAUS                                            ',20586),(5059,NULL,'69000-000 ','2012-02-29','2012-01-01','2012-02-29','                                                            ','Manoa II - P. de Preg.                            ','A','                         ',199,'MANAUS                                            ',19762),(5060,NULL,'69000-000 ','2012-02-29','2012-01-01','2012-02-29','                                                            ','Jardim Raquel - P. de Preg.                       ','A','                         ',201,'MANAUS                                            ',17917),(5061,NULL,'69000-000 ','2012-02-29','2012-01-01','2012-02-29','                                                            ','Campo Dourado - P. de Preg.                       ','A','                         ',216,'MANAUS                                            ',37949),(5062,NULL,'69000-000 ','2012-02-29','2012-01-01','2012-05-10','                                                            ','Samauma - P. de Pr                                ','A','                         ',218,'MANAUS                                            ',34807),(5063,NULL,'69000-000 ','2012-02-29','2012-01-01','2012-02-29','                                                            ','Col. Cruz Otávio - P. de Preg.                    ','A','                         ',219,'MANAUS                                            ',80044),(5064,NULL,'69000-000 ','2012-02-29','2012-01-01','2012-02-29','                                                            ','Zumbi V - P. de Preg.                             ','A','                         ',231,'MANAUS                                            ',14555),(5065,NULL,'69000-000 ','2012-02-29','2012-01-01','2012-02-29','                                                            ','G. Nascimento - P. de Preg.                       ','A','                         ',246,'MANAUS                                            ',94534),(5066,NULL,'69000-000 ','2012-02-29','2012-01-01','2012-02-29','                                                            ','Tanc. Neves V - P. de Preg.                       ','A','                         ',251,'MANAUS                                            ',873),(5067,NULL,'69000-000 ','2012-02-29','2012-01-01','2012-02-29','                                                            ','Nova Vitória II - P. de Preg.                     ','A','                         ',254,'MANAUS                                            ',15498),(5068,NULL,'69000-000 ','2012-02-29','2012-01-01','2012-05-24','                                                            ','Nova Vitória II - 2                               ','A','                         ',254,'MANAUS                                            ',126106),(5069,NULL,'69000-000 ','2012-02-29','2012-01-01','2012-05-24','                                                            ','Nova Vitória II-3 - P. de Preg                    ','A','                         ',254,'MANAUS                                            ',159863),(5070,NULL,'69000-000 ','2012-02-29','2012-01-01','2012-02-29','                                                            ','Conjunto Rio Piorini V - 1                        ','A','                         ',280,'MANAUS                                            ',37807),(5071,NULL,'69000-000 ','2012-02-29','2012-01-01','2012-02-29','                                                            ','Zumbi II-1                                        ','A','                         ',235,'MANAUS                                            ',1519),(5072,NULL,'69000-000 ','2012-02-29','2012-01-01','2012-02-29','                                                            ','Nova Vitória II-1 - P. de Preg                    ','A','                         ',134,'MANAUS                                            ',37905),(5073,NULL,'69000-000 ','2012-02-29','2012-01-01','2012-02-29','                                                            ','Maravilha II - P. de Preg.                        ','A','                         ',112,'MANAUS                                            ',3830),(5074,NULL,'69000-000 ','2012-02-29','2012-01-01','2012-02-29','                                                            ','Fátima III - P. de Preg.                          ','A','                         ',176,'MANAUS                                            ',12956),(5075,NULL,'69000-000 ','2012-02-29','2012-01-01','2012-02-29','                                                            ','Mundo Novo - P. de Preg.                          ','A','                         ',75,'MANAUS                                            ',36035),(5076,NULL,'69000-000 ','2012-02-29','2012-01-01','2012-02-29','                                                            ','Col. O.Machado 1 - P. de Preg.                    ','A','                         ',45,'MANAUS                                            ',32737),(5077,NULL,'69000-000 ','2012-02-29','2012-01-01','2012-02-29','                                                            ','Col. O. Machado 2 - P. de Preg                    ','A','                         ',45,'MANAUS                                            ',32737),(5078,NULL,'69000-000 ','2012-02-29','2012-01-01','2012-02-29','                                                            ','São Lucas - P. de Preg.                           ','A','                         ',185,'MANAUS                                            ',70234),(5079,NULL,'69000-000 ','2012-02-29','2012-01-01','2012-02-29','                                                            ','Conj. Cidadão VII-1                               ','A','                         ',202,'MANAUS                                            ',56358),(5080,'Novo Aleixo','69000-000 ','2012-03-05','2012-03-05','2012-03-05','Rua Rio Jaú, s/nº                                           ','Novo Aleixo XII - P. de Preg.                     ','A','9105-0972                ',277,'MANAUS                                            ',58028),(5081,NULL,'69000-000 ','2012-03-07','2012-01-01','2012-03-07','                                                            ','Cidade Nova - p. de Preg.                         ','A','                         ',108,'MANAUS                                            ',21615),(5082,NULL,'69000-000 ','2012-03-07','2012-01-01','2012-07-03','                                                            ','São Raimundo 2 - p. de pregação                   ','A','                         ',164,'MANAUS                                            ',11375),(5083,NULL,'69000-000 ','2012-03-07','2012-01-01','2012-03-07','                                                            ','Mauazinho II - P. de Preg.                        ','A','                         ',209,'MANAUS                                            ',17492),(5084,NULL,'69000-000 ','2012-03-07','2012-01-01','2012-03-08','                                                            ','Pq. das Palmeiras - P. de Preg                    ','A','                         ',220,'MANAUS                                            ',75445),(5085,NULL,'69000-000 ','2012-03-07','2012-01-01','2012-03-07','                                                            ','Parque Eduardo Gomes                              ','A','                         ',233,'MANAUS                                            ',3397),(5086,NULL,'69000-000 ','2012-03-07','2012-01-01','2012-03-07','                                                            ','Zumbi 02 - 1 - P. de Preg.                        ','A','                         ',235,'MANAUS                                            ',1519),(5087,NULL,'69000-000 ','2012-03-07','2012-01-01','2012-03-08','                                                            ','Col. N. Esperança - P. de Preg                    ','A','                         ',236,'MANAUS                                            ',47492),(5088,NULL,'69000-000 ','2012-03-07','2012-01-01','2012-03-08','                                                            ','Cl. N. Esperança 2-P. de Preg                     ','A','                         ',236,'MANAUS                                            ',47492),(5089,NULL,'69000-000 ','2012-03-07','2012-01-01','2012-03-07','                                                            ','Aleixo II - Ponto de Pregação                     ','A','                         ',255,'MANAUS                                            ',26623),(5090,NULL,'69000-000 ','2012-03-07','2012-01-01','2013-01-29','                                                            ','Alf. Nascimento IV -1 - p. de Preg.               ','A','                         ',263,'MANAUS                                            ',22882),(5091,'Colônia Antonio Aleixo*       ','6900-000  ','2012-08-14','2012-08-17','2013-01-29','Rua Alberto Campainha, s/nº                                 ','Antonio Aleixo (ponto de pregação)                ','A','                         ',150,'MANAUS                                            ',26718),(5092,'Zumbi II','69000-000 ','2013-01-29','2013-01-29','2013-01-29','Rua Irmã Creuza Coelho, nº 120                              ','Zumbi - 101                                       ','A','                         ',101,'MANAUS                                            ',4281);
/*!40000 ALTER TABLE `ieadam_congregacao` ENABLE KEYS */;
UNLOCK TABLES;

--
-- Table structure for table `ieadam_membro`
--

DROP TABLE IF EXISTS `ieadam_membro`;
/*!40101 SET @saved_cs_client     = @@character_set_client */;
/*!40101 SET character_set_client = utf8 */;
CREATE TABLE `ieadam_membro` (
  `id_membro` bigint(20) NOT NULL,
  `cep` varchar(15) DEFAULT NULL,
  `cert_casamento` varchar(10) DEFAULT NULL,
  `conjuge` varchar(60) DEFAULT NULL,
  `cpf` varchar(20) DEFAULT NULL,
  `data_bat_espirito` date DEFAULT NULL,
  `data_batismo` date DEFAULT NULL,
  `data_cadastro` date DEFAULT NULL,
  `data_decisao` date DEFAULT NULL,
  `data_nascimento` date DEFAULT NULL,
  `data_recebimento` date DEFAULT NULL,
  `email` varchar(60) DEFAULT NULL,
  `endereco` varchar(60) DEFAULT NULL,
  `estado_civil` varchar(255) DEFAULT NULL,
  `fatorrh` char(3) DEFAULT NULL,
  `formacao_teologico` varchar(60) DEFAULT NULL,
  `nacionalidade` varchar(60) DEFAULT NULL,
  `nome` varchar(60) NOT NULL,
  `nome_mae` varchar(60) DEFAULT NULL,
  `nome_pai` varchar(60) DEFAULT NULL,
  `procedencia` varchar(60) DEFAULT NULL,
  `qtde_filhos` int(11) DEFAULT NULL,
  `rg` varchar(15) DEFAULT NULL,
  `rg_orgao_emissor` varchar(15) DEFAULT NULL,
  `sexo` char(1) DEFAULT NULL,
  `situacao` char(1) NOT NULL,
  `telefone` varchar(40) DEFAULT NULL,
  `titulo_eleitor` varchar(15) DEFAULT NULL,
  `titulo_secao` varchar(6) DEFAULT NULL,
  `titulo_zona` varchar(10) DEFAULT NULL,
  `uf` varchar(2) DEFAULT NULL,
  `id_congregacao` bigint(20) DEFAULT NULL,
  `funcao` varchar(50) DEFAULT NULL,
  `cidade` varchar(60) DEFAULT NULL,
  `fator_rh` varchar(255) DEFAULT NULL,
  PRIMARY KEY (`id_membro`),
  KEY `FK_ey8cd94hrolqg38kesplym5e1` (`id_congregacao`)
) ENGINE=InnoDB DEFAULT CHARSET=utf8;
/*!40101 SET character_set_client = @saved_cs_client */;

--
-- Dumping data for table `ieadam_membro`
--

LOCK TABLES `ieadam_membro` WRITE;
/*!40000 ALTER TABLE `ieadam_membro` DISABLE KEYS */;
INSERT INTO `ieadam_membro` VALUES (1707,'123','123','123','123',NULL,NULL,NULL,NULL,NULL,NULL,'123','123','123','123','123','123','Membro2','123','123','123',2,'123','123','M','A','123','123','123','123','AM',2,'PASTOR','Manaus','1'),(6963,'123','123','123','123',NULL,NULL,NULL,NULL,NULL,NULL,'123','123','123','123','123','123','Fulano Pastor','123','123','123',2,'123','123','M','A','234','234','234','234','AM',1,'PASTOR','Manaus','1');
/*!40000 ALTER TABLE `ieadam_membro` ENABLE KEYS */;
UNLOCK TABLES;

--
-- Table structure for table `ieadam_nucleo`
--

DROP TABLE IF EXISTS `ieadam_nucleo`;
/*!40101 SET @saved_cs_client     = @@character_set_client */;
/*!40101 SET character_set_client = utf8 */;
CREATE TABLE `ieadam_nucleo` (
  `id_nucleo` bigint(20) NOT NULL,
  `data_ultima_atualizacao` date DEFAULT NULL,
  `nome` varchar(60) DEFAULT NULL,
  `situacao` char(1) NOT NULL,
  `id_zona` bigint(20) NOT NULL,
  `id_coordenador` int(11) NOT NULL,
  PRIMARY KEY (`id_nucleo`),
  KEY `FK_neghkrgnkjr9gp4rsaocjs132` (`id_zona`),
  KEY `FK_8b3s8x6sdsvwpq4u10s74f6pw` (`id_coordenador`)
) ENGINE=InnoDB DEFAULT CHARSET=utf8;
/*!40101 SET character_set_client = @saved_cs_client */;

--
-- Dumping data for table `ieadam_nucleo`
--

LOCK TABLES `ieadam_nucleo` WRITE;
/*!40000 ALTER TABLE `ieadam_nucleo` DISABLE KEYS */;
INSERT INTO `ieadam_nucleo` VALUES (0,'2012-04-27','NÚCLEO 0                      ','A',0,2254),(1,'2009-07-25','NUCLEO 1                      ','A',2,6963),(2,'2009-07-25','NUCLEO 2                      ','A',2,7252),(3,'2009-07-25','NUCLEO 3                      ','A',2,7381),(4,'2009-07-25','NUCLEO 4                      ','A',3,6970),(5,'2009-07-25','NUCLEO 5                      ','A',3,6325),(6,'2009-07-25','NUCLEO 6                      ','A',3,495),(7,'2009-07-25','NUCLEO 7                      ','A',2,1707),(8,'2009-07-25','NÚCLEO 8                      ','A',2,29130),(9,'2009-07-25','NUCLEO 9                      ','A',2,1449),(10,'2009-07-25','NUCLEO 10                     ','A',3,1519),(11,'2011-01-05','NUCLEO 11                     ','A',3,582),(12,'2009-07-25','NUCLEO 12                     ','A',3,4530),(13,'2010-04-28','NUCLEO 13                     ','A',4,655),(14,'2009-07-25','NUCLEO 14                     ','A',4,7326),(15,'2009-07-25','NUCLEO 15                     ','A',4,12017),(16,'2009-07-25','NUCLEO 16                     ','A',4,482),(17,'2009-07-25','NUCLEO 17                     ','A',1,1977),(18,'2009-07-25','NUCLEO 18                     ','A',1,13806),(19,'2009-10-27','NÚCLEO 19                     ','A',4,15565),(20,'2009-07-25','NUCLEO 20                     ','A',4,5747),(21,'2009-07-25','NUCLEO 21                     ','A',1,364),(22,'2010-10-13','NUCLEO 22                     ','A',1,3547),(23,'2009-07-25','NUCLEO 23                     ','A',1,10432),(24,'2009-07-25','NUCLEO 24                     ','A',1,5331),(25,'2009-07-25','NÚCLEO 25                     ','A',1,14086),(26,'2009-07-27','NUCLEO 26*                    ','A',4,823),(27,'2009-09-14','NÚCLEO 27                     ','I',1,14086),(28,'2009-07-27','NÚCLEO 28                     ','I',4,823),(30,'2009-05-04','TRINTA                        ','A',0,1977),(50,'2010-12-02','NUCLEO 50                     ','A',0,2254),(82,'2001-11-23','NÚCLEO 08                     ','A',0,11532),(110,'2001-12-18','ÁREA 110                      ','A',0,35748),(111,'2004-01-06','NÚCLEO 26                     ','A',0,11532);
/*!40000 ALTER TABLE `ieadam_nucleo` ENABLE KEYS */;
UNLOCK TABLES;

--
-- Table structure for table `ieadam_perfil`
--

DROP TABLE IF EXISTS `ieadam_perfil`;
/*!40101 SET @saved_cs_client     = @@character_set_client */;
/*!40101 SET character_set_client = utf8 */;
CREATE TABLE `ieadam_perfil` (
  `id` int(11) NOT NULL AUTO_INCREMENT,
  `descricao` varchar(255) DEFAULT NULL,
  `nome` varchar(255) DEFAULT NULL,
  PRIMARY KEY (`id`)
) ENGINE=InnoDB DEFAULT CHARSET=utf8;
/*!40101 SET character_set_client = @saved_cs_client */;

--
-- Dumping data for table `ieadam_perfil`
--

LOCK TABLES `ieadam_perfil` WRITE;
/*!40000 ALTER TABLE `ieadam_perfil` DISABLE KEYS */;
/*!40000 ALTER TABLE `ieadam_perfil` ENABLE KEYS */;
UNLOCK TABLES;

--
-- Table structure for table `ieadam_zona`
--

DROP TABLE IF EXISTS `ieadam_zona`;
/*!40101 SET @saved_cs_client     = @@character_set_client */;
/*!40101 SET character_set_client = utf8 */;
CREATE TABLE `ieadam_zona` (
  `id_zona` bigint(20) NOT NULL,
  `data_ultima_atualizacao` date DEFAULT NULL,
  `nome` varchar(60) DEFAULT NULL,
  `situacao` char(1) NOT NULL,
  `id_primeiro_resp` bigint(20) DEFAULT NULL,
  `id_segundo_resp` bigint(20) DEFAULT NULL,
  PRIMARY KEY (`id_zona`),
  KEY `FK_l85o89am41oyb8kbk0pqeeft7` (`id_primeiro_resp`),
  KEY `FK_gyosd1uyx0prsw0hlo3kpbcsa` (`id_segundo_resp`)
) ENGINE=InnoDB DEFAULT CHARSET=utf8;
/*!40101 SET character_set_client = @saved_cs_client */;

--
-- Dumping data for table `ieadam_zona`
--

LOCK TABLES `ieadam_zona` WRITE;
/*!40000 ALTER TABLE `ieadam_zona` DISABLE KEYS */;
INSERT INTO `ieadam_zona` VALUES (0,'2010-11-27','SECRETARIA GERAL              ','A',2254,4030),(1,'2009-11-18','REGIÃO NORTE                  ','A',1977,364),(2,'2009-11-13','REGIÃO SUL                    ','A',1707,6963),(3,'2011-01-05','REGIÃO LESTE                  ','A',6970,4530),(4,'2009-11-13','REGIÃO OESTE                  ','A',7326,482),(9,'2009-11-10','ZONA TESTE                    ','I',2556,2556);
/*!40000 ALTER TABLE `ieadam_zona` ENABLE KEYS */;
UNLOCK TABLES;

--
-- Table structure for table `rel_fin_proventos_pastoral`
--

DROP TABLE IF EXISTS `rel_fin_proventos_pastoral`;
/*!40101 SET @saved_cs_client     = @@character_set_client */;
/*!40101 SET character_set_client = utf8 */;
CREATE TABLE `rel_fin_proventos_pastoral` (
  `zona_id` int(11) DEFAULT NULL,
  `nm_Supervisor` varchar(100) DEFAULT NULL,
  `nm_Secretario` varchar(100) DEFAULT NULL,
  `id_Nucleo` int(11) DEFAULT NULL,
  `nm_Coordenador` varchar(100) DEFAULT NULL,
  `id_Area` int(11) DEFAULT NULL,
  `id_Congregacao` int(11) DEFAULT NULL,
  `nm_Congregacao` varchar(100) DEFAULT NULL,
  `nm_Pastor` varchar(100) DEFAULT NULL,
  `CC` int(11) DEFAULT NULL,
  `dt_MesAno` date DEFAULT NULL,
  `vl_1Semana` decimal(10,2) DEFAULT NULL,
  `vl_2Semana` decimal(10,2) DEFAULT NULL,
  `vl_3Semana` decimal(10,2) DEFAULT NULL,
  `vl_4Semana` decimal(10,2) DEFAULT NULL,
  `vl_5Semana` decimal(10,2) DEFAULT NULL,
  `vl_TotalSemanas` decimal(10,2) DEFAULT NULL,
  `vl_Atrasado` decimal(10,2) DEFAULT NULL,
  `qt_Nra` int(11) DEFAULT NULL,
  `vl_1SemanaArea` decimal(10,2) DEFAULT NULL,
  `vl_2SemanaArea` decimal(10,2) DEFAULT NULL,
  `vl_3SemanaArea` decimal(10,2) DEFAULT NULL,
  `vl_4SemanaArea` decimal(10,2) DEFAULT NULL,
  `vl_5SemanaArea` decimal(10,2) DEFAULT NULL,
  `vl_TotalSemanasArea` decimal(10,2) DEFAULT NULL,
  `vl_AtrasadoArea` decimal(10,2) DEFAULT NULL,
  `qt_NraArea` int(11) DEFAULT NULL,
  `vl_ReceitaArea` decimal(10,2) DEFAULT NULL,
  `vl_IndisponivelFinalArea` decimal(10,2) DEFAULT NULL,
  `vl_IndSdoNegRetArea` decimal(10,2) DEFAULT NULL,
  `vl_IsentoFinalArea` decimal(10,2) DEFAULT NULL,
  `vl_PagamentoArea` decimal(10,2) DEFAULT NULL,
  `vl_1SemanaNucleo` decimal(10,2) DEFAULT NULL,
  `vl_2SemanaNucleo` decimal(10,2) DEFAULT NULL,
  `vl_3SemanaNucleo` decimal(10,2) DEFAULT NULL,
  `vl_4SemanaNucleo` decimal(10,2) DEFAULT NULL,
  `vl_5SemanaNucleo` decimal(10,2) DEFAULT NULL,
  `vl_TotalSemanasNucleo` decimal(10,2) DEFAULT NULL,
  `vl_AtrasadoNucleo` decimal(10,2) DEFAULT NULL,
  `qt_NraNucleo` int(11) DEFAULT NULL,
  `vl_ReceitaNucleo` decimal(10,2) DEFAULT NULL,
  `vl_IndisponivelFinalNucleo` decimal(10,2) DEFAULT NULL,
  `vl_IndSdoNegRetNucleo` decimal(10,2) DEFAULT NULL,
  `vl_IsentoFinalNucleo` decimal(10,2) DEFAULT NULL,
  `vl_PagamentoNucleo` decimal(10,2) DEFAULT NULL,
  `vl_1SemanaZona` decimal(10,2) DEFAULT NULL,
  `vl_2SemanaZona` decimal(10,2) DEFAULT NULL,
  `vl_3SemanaZona` decimal(10,2) DEFAULT NULL,
  `vl_4SemanaZona` decimal(10,2) DEFAULT NULL,
  `vl_5SemanaZona` decimal(10,2) DEFAULT NULL,
  `vl_TotalSemanasZona` decimal(10,2) DEFAULT NULL,
  `vl_AtrasadoZona` decimal(10,2) DEFAULT NULL,
  `qt_NraZona` int(11) DEFAULT NULL,
  `vl_ReceitaZona` decimal(10,2) DEFAULT NULL,
  `vl_IndisponivelFinalZona` decimal(10,2) DEFAULT NULL,
  `vl_IndSdoNegRetZona` decimal(10,2) DEFAULT NULL,
  `vl_IsentoFinalZona` decimal(10,2) DEFAULT NULL,
  `vl_PagamentoZona` decimal(10,2) DEFAULT NULL,
  `vl_1SemanaGeral` decimal(10,2) DEFAULT NULL,
  `vl_2SemanaGeral` decimal(10,2) DEFAULT NULL,
  `vl_3SemanaGeral` decimal(10,2) DEFAULT NULL,
  `vl_4SemanaGeral` decimal(10,2) DEFAULT NULL,
  `vl_5SemanaGeral` decimal(10,2) DEFAULT NULL,
  `vl_TotalSemanasGeral` decimal(10,2) DEFAULT NULL,
  `vl_AtrasadoGeral` decimal(10,2) DEFAULT NULL,
  `qt_NraGeral` int(11) DEFAULT NULL,
  `vl_ReceitaGeral` decimal(10,2) DEFAULT NULL,
  `vl_IndisponivelFinalGeral` decimal(10,2) DEFAULT NULL,
  `vl_IndSdoNegRetGeral` decimal(10,2) DEFAULT NULL,
  `vl_IsentoFinalGeral` decimal(10,2) DEFAULT NULL,
  `vl_PagamentoGeral` decimal(10,2) DEFAULT NULL
) ENGINE=InnoDB DEFAULT CHARSET=utf8;
/*!40101 SET character_set_client = @saved_cs_client */;

--
-- Dumping data for table `rel_fin_proventos_pastoral`
--

LOCK TABLES `rel_fin_proventos_pastoral` WRITE;
/*!40000 ALTER TABLE `rel_fin_proventos_pastoral` DISABLE KEYS */;
/*!40000 ALTER TABLE `rel_fin_proventos_pastoral` ENABLE KEYS */;
UNLOCK TABLES;

--
-- Table structure for table `rel_fin_saldo_congregacao`
--

DROP TABLE IF EXISTS `rel_fin_saldo_congregacao`;
/*!40101 SET @saved_cs_client     = @@character_set_client */;
/*!40101 SET character_set_client = utf8 */;
CREATE TABLE `rel_fin_saldo_congregacao` (
  `id_zona` int(11) DEFAULT NULL,
  `id_nucleo` int(11) DEFAULT NULL,
  `id_area` int(11) DEFAULT NULL,
  `id_congregacao` int(11) DEFAULT NULL,
  `dt_mes_ano` date DEFAULT NULL,
  `nm_congregacao` varchar(100) DEFAULT NULL,
  `nm_pastor` varchar(80) DEFAULT NULL,
  `vl_retiradas` decimal(10,2) DEFAULT NULL,
  `vl_saldo` decimal(10,2) DEFAULT NULL,
  `vl_saldo_negativo` decimal(10,2) DEFAULT NULL
) ENGINE=InnoDB DEFAULT CHARSET=utf8;
/*!40101 SET character_set_client = @saved_cs_client */;

--
-- Dumping data for table `rel_fin_saldo_congregacao`
--

LOCK TABLES `rel_fin_saldo_congregacao` WRITE;
/*!40000 ALTER TABLE `rel_fin_saldo_congregacao` DISABLE KEYS */;
INSERT INTO `rel_fin_saldo_congregacao` VALUES (1,17,13,57,'2012-01-01','CIDADE NOVA I','PAULO CASTRO DE CARVALHO',5146.00,366.64,0.00),(1,17,13,80,'2012-01-01','CIDADE NOVA II','PAULO CASTRO DE CARVALHO',5278.02,3736.66,0.00),(1,17,13,83,'2012-01-01','CIDADE NOVA III','PAULO CASTRO DE CARVALHO',120.00,12.85,0.00),(1,17,13,540,'2012-01-01','CIDADE NOVA XII','PAULO CASTRO DE CARVALHO',4368.05,285.40,0.00),(1,17,13,765,'2012-01-01','CIDADE NOVA XVII','PAULO CASTRO DE CARVALHO',2290.79,576.01,0.00),(1,17,13,940,'2012-01-01','CIDADE NOVA  XX','PAULO CASTRO DE CARVALHO',4995.00,979.22,0.00),(1,17,13,952,'2012-01-01','CIDADE NOVA XXI','PAULO CASTRO DE CARVALHO',0.00,2306.17,0.00),(1,17,71,134,'2012-01-01','CIDADE NOVA VI','ANGELO RAMOS  DE MOURA',630.00,278.52,0.00),(1,17,71,184,'2012-01-01','CIDADE NOVA VIII','ANGELO RAMOS  DE MOURA',0.00,59.74,0.00),(1,17,71,283,'2012-01-01','CIDADE NOVA IX','ANGELO RAMOS  DE MOURA',150.00,8.22,0.00),(1,17,71,524,'2012-01-01','CIDADE NOVA XI','ANGELO RAMOS  DE MOURA',786.56,12.01,0.00),(1,17,71,542,'2012-01-01','CIDADE NOVA XIII','ANGELO RAMOS  DE MOURA',680.00,16.20,0.00),(1,17,71,747,'2012-01-01','VALE DA BENÇÃO','ANGELO RAMOS  DE MOURA',50.00,13.49,0.00),(1,17,71,759,'2012-01-01','CIDADE NOVA XVI','ANGELO RAMOS  DE MOURA',530.00,166.83,0.00),(1,17,72,114,'2012-01-01','CIDADE NOVA V','MOISÉS PEREIRA FERREIRA',1889.00,525.48,0.00),(1,17,72,442,'2012-01-01','ÁGUAS CLARAS I','MOISÉS PEREIRA FERREIRA',8976.65,453.75,0.00),(1,17,72,471,'2012-01-01','ÁGUAS CLARAS II','MOISÉS PEREIRA FERREIRA',130.00,26.08,0.00),(1,17,72,528,'2012-01-01','BOAS NOVAS I','MOISÉS PEREIRA FERREIRA',2689.00,188.38,0.00),(1,17,72,543,'2012-01-01','BOAS NOVAS II','MOISÉS PEREIRA FERREIRA',3334.00,43.89,0.00),(1,17,72,555,'2012-01-01','ÁGUAS CLARAS III','MOISÉS PEREIRA FERREIRA',347.00,54.91,0.00),(1,17,72,859,'2012-01-01','BOAS NOVAS III','MOISÉS PEREIRA FERREIRA',1590.00,40.69,0.00),(1,17,78,265,'2012-01-01','RENATO SOUZA PINTO I','CARLOS MARAMALDO FILHO',125.00,2.12,0.00),(1,17,78,299,'2012-01-01','RIBEIRO JUNIOR','CARLOS MARAMALDO FILHO',150.00,616.84,0.00),(1,17,78,649,'2012-01-01','EDUARDO BRAGA','CARLOS MARAMALDO FILHO',0.00,28.59,0.00),(1,17,78,682,'2012-01-01','RENATO SOUZA PINTO II','CARLOS MARAMALDO FILHO',6640.00,41.20,0.00),(1,17,108,96,'2012-01-01','CIDADE NOVA IV','FERNANDO ALVES DOS SANTOS',2221.86,344.73,0.00),(1,17,108,183,'2012-01-01','CIDADE NOVA VII','FERNANDO ALVES DOS SANTOS',630.00,110.26,0.00),(1,17,108,617,'2012-01-01','CIDADE NOVA XIV','FERNANDO ALVES DOS SANTOS',2229.00,75.37,0.00),(1,17,108,906,'2012-01-01','CIDADE NOVA XIX','FERNANDO ALVES DOS SANTOS',320.00,70.83,0.00),(1,17,146,664,'2012-01-01','ÁGUAS CLARAS IV','JOSÉ ORIVALDO DE PÁDUA',404.00,10.35,0.00),(1,17,146,942,'2012-01-01','AGUAS CLARAS V','JOSÉ ORIVALDO DE PÁDUA',0.00,0.24,0.00),(1,17,230,400,'2012-01-01','CIDADE NOVA X','PAULO CASTRO DE CARVALHO JUNIOR',435.00,-280.92,280.92),(1,17,230,630,'2012-01-01','CIDADE NOVA XV','PAULO CASTRO DE CARVALHO JUNIOR',330.00,9.95,0.00),(1,17,230,805,'2012-01-01','CIDADE NOVA XVIII','PAULO CASTRO DE CARVALHO JUNIOR',3888.00,80.87,0.00),(1,18,9,86,'2012-01-01','NOVO ISRAEL I','ZENIL CAMPOS DOS SANTOS',66.00,24.06,0.00),(1,18,9,99,'2012-01-01','COLÔNIA TERRA NOVA I','ZENIL CAMPOS DOS SANTOS',737.00,10.25,0.00),(1,18,9,141,'2012-01-01','COLÔNIA TERRA NOVA II','ZENIL CAMPOS DOS SANTOS',106.00,100.28,0.00),(1,18,9,162,'2012-01-01','NOVO ISRAEL III','ZENIL CAMPOS DOS SANTOS',2664.00,-95.60,95.60),(1,18,9,515,'2012-01-01','NOVO ISRAEL VI','ZENIL CAMPOS DOS SANTOS',0.00,49.38,0.00),(1,18,9,749,'2012-01-01','COLÔNIA TERRA NOVA V','ZENIL CAMPOS DOS SANTOS',0.00,29.20,0.00),(1,18,93,100,'2012-01-01','COLÔNIA SANTO ANTONIO III','IRAN AGUIAR DA CUNHA',632.65,0.78,0.00),(1,18,93,176,'2012-01-01','NOVO ISRAEL IV','IRAN AGUIAR DA CUNHA',1097.59,225.88,0.00),(1,18,93,549,'2012-01-01','JOSÉ BONIFÁCIO I','IRAN AGUIAR DA CUNHA',1520.50,71.78,0.00),(1,18,93,639,'2012-01-01','NOVO ISRAEL VII','IRAN AGUIAR DA CUNHA',384.11,2001.51,0.00),(1,18,93,670,'2012-01-01','JOSÉ BONIFÁCIO II','IRAN AGUIAR DA CUNHA',759.40,626.80,0.00),(1,18,97,95,'2012-01-01','NOVO ISRAEL II','RAIMUNDO DANIEL DA SILVA',0.00,342.18,0.00),(1,18,97,316,'2012-01-01','COLÔNIA SANTO ANTONIO V','RAIMUNDO DANIEL DA SILVA',0.00,4.77,0.00),(1,18,97,514,'2012-01-01','NOVO ISRAEL V','RAIMUNDO DANIEL DA SILVA',0.00,54.40,0.00),(1,18,97,579,'2012-01-01','COLÔNIA SANTO ANTONIO VI','RAIMUNDO DANIEL DA SILVA',0.00,1.34,0.00),(1,18,97,744,'2012-01-01','NOVO ISRAEL VIII','RAIMUNDO DANIEL DA SILVA',0.00,7.25,0.00),(1,18,97,885,'2012-01-01','NOVO ISRAEL X','RAIMUNDO DANIEL DA SILVA',0.00,14.14,0.00),(1,18,97,923,'2012-01-01','COLÔNIA SANTO ANTONIO VII','RAIMUNDO DANIEL DA SILVA',0.00,108.42,0.00),(1,18,97,924,'2012-01-01','NOVO ISRAEL XI','RAIMUNDO DANIEL DA SILVA',0.00,0.00,0.00),(1,18,115,521,'2012-01-01','JESUS ME DEU IV','GILBERTO DE SOUZA CARVALHO',599.60,1533.09,0.00),(1,18,115,605,'2012-01-01','JESUS ME DEU I','GILBERTO DE SOUZA CARVALHO',638.82,831.47,0.00),(1,18,115,629,'2012-01-01','JESUS ME DEU II','GILBERTO DE SOUZA CARVALHO',200.00,1159.03,0.00),(1,18,115,633,'2012-01-01','JESUS ME DEU III','GILBERTO DE SOUZA CARVALHO',500.00,6991.29,0.00),(1,18,115,740,'2012-01-01','JESUS ME DEU V','GILBERTO DE SOUZA CARVALHO',270.00,873.04,0.00),(1,18,115,823,'2012-01-01','JESUS ME DEU VI','GILBERTO DE SOUZA CARVALHO',900.00,1231.29,0.00),(1,18,151,393,'2012-01-01','AMÉRICA DO SUL','ADELSON CASTRO DE SOUZA',2143.00,11.85,0.00),(1,18,151,739,'2012-01-01','NOVA CANAÃ I','ADELSON CASTRO DE SOUZA',3512.00,8.50,0.00),(1,18,151,824,'2012-01-01','JARDIM DO SENHOR II','ADELSON CASTRO DE SOUZA',739.00,12.20,0.00),(1,18,214,293,'2012-01-01','COLÔNIA SANTO ANTONIO IV','LAERCIO DA CRUZ',163.00,173.99,0.00),(1,18,215,846,'2012-01-01','NOVO ISRAEL IX','VALMERISTON DIAS DA FONSECA',0.00,3.90,0.00),(1,18,296,801,'2012-01-01','BOM PASTOR','JUCELINO FREITAS DE SOUZA',381.12,1503.28,0.00),(1,21,21,139,'2012-01-01','CONQUISTA II','RAIMUNDO ALVES REBOUÇAS',635.00,1009.38,0.00),(1,21,21,238,'2012-01-01','CONQUISTA IV','RAIMUNDO ALVES REBOUÇAS',0.00,2921.09,0.00),(1,21,21,329,'2012-01-01','CONQUISTA VI','RAIMUNDO ALVES REBOUÇAS',8683.03,371.87,0.00),(1,21,21,473,'2012-01-01','CONQUISTA X','RAIMUNDO ALVES REBOUÇAS',2620.00,509.10,0.00),(1,21,26,116,'2012-01-01','AMAZONINO MENDES I','AGRICIO ROCHA DA SILVA',0.00,25.01,0.00),(1,21,26,580,'2012-01-01','AMAZONINO MENDES XII','AGRICIO ROCHA DA SILVA',0.00,37.45,0.00),(1,21,26,625,'2012-01-01','AMAZONINO MENDES XIV','AGRICIO ROCHA DA SILVA',0.00,17.66,0.00),(1,21,26,738,'2012-01-01','AMAZONINO MENDES XIX','AGRICIO ROCHA DA SILVA',0.00,2.95,0.00),(1,21,26,899,'2012-01-01','AMAZONINO MENDES XXII','AGRICIO ROCHA DA SILVA',0.00,4.96,0.00),(1,21,94,219,'2012-01-01','NOVO ALEIXO I','SALOMÃO PEREIRA DOS SANTOS',420.00,168.30,0.00),(1,21,94,274,'2012-01-01','NOVO ALEIXO II','SALOMÃO PEREIRA DOS SANTOS',0.00,-243.64,243.64),(1,21,94,480,'2012-01-01','NOVO ALEIXO III','SALOMÃO PEREIRA DOS SANTOS',0.00,-306.35,306.35),(1,21,94,551,'2012-01-01','NOVO ALEIXO V','SALOMÃO PEREIRA DOS SANTOS',180.00,45.32,0.00),(1,21,107,140,'2012-01-01','AMAZONINO MENDES VI','OZIEL DOS SANTOS SANTIAGOS',0.00,18.10,0.00),(1,21,107,165,'2012-01-01','AMAZONINO MENDES VII','OZIEL DOS SANTOS SANTIAGOS',0.00,44.05,0.00),(1,21,107,292,'2012-01-01','AMAZONINO MENDES X','OZIEL DOS SANTOS SANTIAGOS',0.00,-2.63,2.63),(1,21,107,532,'2012-01-01','AMAZONINO MENDES XI','OZIEL DOS SANTOS SANTIAGOS',0.00,300.52,0.00),(1,21,107,656,'2012-01-01','AMAZONINO MENDES XVI','OZIEL DOS SANTOS SANTIAGOS',0.00,1.26,0.00),(1,21,107,752,'2012-01-01','AMAZONINO MENDES XX','OZIEL DOS SANTOS SANTIAGOS',0.00,0.41,0.00),(1,21,175,124,'2012-01-01','CONQUISTA I','LÁZARO SOUZA DE OLIVEIRA',220.00,729.81,0.00),(1,21,175,382,'2012-01-01','CONQUISTA VIII','LÁZARO SOUZA DE OLIVEIRA',55.00,-37.31,37.31),(1,21,176,196,'2012-01-01','CONQUISTA III','EMILSON BORGES FIGUEREDO',294.36,0.62,0.00),(1,21,176,374,'2012-01-01','CONQUISTA VII','EMILSON BORGES FIGUEREDO',1273.33,0.21,0.00),(1,21,177,414,'2012-01-01','CONQUISTA IX','RAYDSON BARBOSA REBOUÇAS',1354.06,0.65,0.00),(1,21,177,474,'2012-01-01','CONQUISTA XI','RAYDSON BARBOSA REBOUÇAS',250.00,4.70,0.00),(1,21,178,132,'2012-01-01','AMAZONINO MENDES V','FRANCISCO BATISTA DA SILVA NETO',0.00,40.41,0.00),(1,21,178,235,'2012-01-01','AMAZONINO MENDES VIII','FRANCISCO BATISTA DA SILVA NETO',0.00,98.63,0.00),(1,21,178,737,'2012-01-01','AMAZONINO MENDES XVIII','FRANCISCO BATISTA DA SILVA NETO',0.00,0.60,0.00),(1,21,179,251,'2012-01-01','AMAZONINO MENDES IX','WICTOR FLÁVIO DE S.P. AGUIAR',0.00,1.61,0.00),(1,21,179,581,'2012-01-01','AMAZONINO MENDES XIII','WICTOR FLÁVIO DE S.P. AGUIAR',0.00,2.55,0.00),(1,21,179,736,'2012-01-01','AMAZONINO MENDES XVII','WICTOR FLÁVIO DE S.P. AGUIAR',0.00,2.57,0.00),(1,21,179,926,'2012-01-01','AMAZONINO MENDES XXIII','WICTOR FLÁVIO DE S.P. AGUIAR',0.00,0.00,0.00),(1,21,180,128,'2012-01-01','AMAZONINO MENDES III','PEDRO JANIO BALBI DE CARVALHO',5930.00,4125.40,0.00),(1,21,180,129,'2012-01-01','AMAZONINO MENDES IV','PEDRO JANIO BALBI DE CARVALHO',4795.00,1733.35,0.00),(1,21,180,815,'2012-01-01','AMAZONINO MENDES XXI','PEDRO JANIO BALBI DE CARVALHO',1800.00,366.94,0.00),(1,21,221,726,'2012-01-01','PARQUE DAS GARÇAS','RENATO COSTA DOS SANTOS',0.00,2697.98,0.00),(1,21,221,814,'2012-01-01','PARQUE DAS GARÇAS II','RENATO COSTA DOS SANTOS',0.00,4.04,0.00),(1,21,221,980,'2012-01-01','NOVO ALEIXO XII','RENATO COSTA DOS SANTOS',0.00,0.00,0.00),(1,21,222,636,'2012-01-01','NOVO ALEIXO VIII','FRANCISCO PEREIRA DO CARMO',0.00,269.20,0.00),(1,21,222,684,'2012-01-01','NOVO ALEIXO IX','FRANCISCO PEREIRA DO CARMO',0.00,7.78,0.00),(1,21,228,119,'2012-01-01','AMAZONINO MENDES II','FRANCISCO JERÔNIMO DE P. COTA',0.00,19.32,0.00),(1,21,228,640,'2012-01-01','AMAZONINO MENDES XV','FRANCISCO JERÔNIMO DE P. COTA',0.00,9.62,0.00),(1,21,246,244,'2012-01-01','CONQUISTA V','ANANIAS PORTO BARBOSA',1700.00,528.75,0.00),(1,21,246,735,'2012-01-01','CONQUISTA XII','ANANIAS PORTO BARBOSA',0.00,2406.44,0.00),(1,21,277,569,'2012-01-01','NOVO ALEIXO VI','VALDIR TEIXEIRA COELHO',131.28,0.00,0.00),(1,21,277,813,'2012-01-01','NOVO ALEIXO XI','VALDIR TEIXEIRA COELHO',0.00,16.16,0.00),(1,21,278,350,'2012-01-01','NOVO ALEIXO IV','MARCOS ANDRÉ FERREIRA DA SILVA',100.00,151.09,0.00),(1,21,279,570,'2012-01-01','NOVO ALEIXO VII','MAMEDE SILVA RAMOS',0.00,10.86,0.00),(1,21,279,725,'2012-01-01','NOVO ALEIXO X','MAMEDE SILVA RAMOS',72.24,36.32,0.00),(1,22,38,177,'2012-01-01','OSVALDO FROTA','PAULO SÉRGIO VIRIATO DA COSTA',611.20,463.53,0.00),(1,22,38,330,'2012-01-01','FRANCISCA MENDES II','PAULO SÉRGIO VIRIATO DA COSTA',0.00,929.97,0.00),(1,22,38,547,'2012-01-01','GETSÊMANI','PAULO SÉRGIO VIRIATO DA COSTA',1926.00,54.55,0.00),(1,22,38,646,'2012-01-01','RAIO DE SOL','PAULO SÉRGIO VIRIATO DA COSTA',3035.76,-362.68,362.68),(1,22,38,757,'2012-01-01','PARQUE EDUARDO BRAGA II','PAULO SÉRGIO VIRIATO DA COSTA',458.00,491.20,0.00),(1,22,52,302,'2012-01-01','CIDADE DE DEUS II','ALBERICO PEREIRA DOS S. FILHO',662.05,17.81,0.00),(1,22,52,583,'2012-01-01','CIDADE DE DEUS VIII','ALBERICO PEREIRA DOS S. FILHO',225.70,65.55,0.00),(1,22,52,979,'2012-01-01','CIDADE DE DEUS XV','ALBERICO PEREIRA DOS S. FILHO',0.00,0.00,0.00),(1,22,87,186,'2012-01-01','SIÃO I','RONALDO PIMENTEL NUNES',260.00,-101.27,101.27),(1,22,87,226,'2012-01-01','SIÃO II','RONALDO PIMENTEL NUNES',2513.17,19.53,0.00),(1,22,87,386,'2012-01-01','AREAL DO MINDÚ I','RONALDO PIMENTEL NUNES',87.20,4.28,0.00),(1,22,87,578,'2012-01-01','SIÃO III','RONALDO PIMENTEL NUNES',0.00,33.84,0.00),(1,22,87,667,'2012-01-01','SIÄO IV','RONALDO PIMENTEL NUNES',0.00,16.50,0.00),(1,22,87,668,'2012-01-01','SIÄO V','RONALDO PIMENTEL NUNES',0.00,0.00,0.00),(1,22,87,969,'2012-01-01','SIÃO VI','RONALDO PIMENTEL NUNES',0.00,0.00,0.00),(1,22,88,337,'2012-01-01','CIDADE DE DEUS IV','ANTONIO MARINHO DA CONCEIÇÃO',4977.95,112.77,0.00),(1,22,88,577,'2012-01-01','ALFREDO NASCIMENTO VII','ANTONIO MARINHO DA CONCEIÇÃO',0.00,35.24,0.00),(1,22,88,590,'2012-01-01','ALFREDO NASCIMENTO VIII','ANTONIO MARINHO DA CONCEIÇÃO',0.00,65.72,0.00),(1,22,88,669,'2012-01-01','CIDADE DE DEUS IX','ANTONIO MARINHO DA CONCEIÇÃO',2784.64,45.20,0.00),(1,22,88,933,'2012-01-01','CIDADE DE DEUS XIII','ANTONIO MARINHO DA CONCEIÇÃO',0.00,38.19,0.00),(1,22,89,497,'2012-01-01','MANAIN','DIONE COSTA DE MORAES',2210.00,171.64,0.00),(1,22,89,499,'2012-01-01','PARQUE NOVA VIDA I','DIONE COSTA DE MORAES',400.00,514.30,0.00),(1,22,89,820,'2012-01-01','ALFREDO NASCIMENTO IX','DIONE COSTA DE MORAES',800.00,101.29,0.00),(1,22,113,376,'2012-01-01','BRAGA MENDES I','GILBERTO MENDONÇA DE SOUZA',1480.28,1881.57,0.00),(1,22,113,584,'2012-01-01','BRAGA MENDES II','GILBERTO MENDONÇA DE SOUZA',2700.00,183.27,0.00),(1,22,113,706,'2012-01-01','BRAGA MENDES III','GILBERTO MENDONÇA DE SOUZA',1297.64,560.84,0.00),(1,22,125,378,'2012-01-01','FAZENDINHA','JOSÉ EDNELSON PEREIRA MAR',730.00,276.44,0.00),(1,22,125,693,'2012-01-01','FAZENDINHA II','JOSÉ EDNELSON PEREIRA MAR',30.00,1.08,0.00),(1,22,125,720,'2012-01-01','LEÃO DE JUDÁ I','JOSÉ EDNELSON PEREIRA MAR',88.00,0.31,0.00),(1,22,125,721,'2012-01-01','LEÃO DE JUDÁ II','JOSÉ EDNELSON PEREIRA MAR',19.00,3.90,0.00),(1,22,125,967,'2012-01-01','SHEKINAH','JOSÉ EDNELSON PEREIRA MAR',0.00,0.00,0.00),(1,22,188,250,'2012-01-01','FRANCISCA MENDES I','EDINELSON GONÇALVES MARQUES',0.00,136.10,0.00),(1,22,189,159,'2012-01-01','CANARANAS','EDILSON OLIVEIRA DE SOUZA',300.00,80.46,0.00),(1,22,190,717,'2012-01-01','CONJUNTO CIDADÃO I','JOSÉ DO CARMO DE S. ANDRADE',121.54,61.90,0.00),(1,22,196,279,'2012-01-01','CIDADE DE DEUS I','ISMAEL SILVA MARIANO',361.55,1.36,0.00),(1,22,196,456,'2012-01-01','CIDADE DE DEUS VII','ISMAEL SILVA MARIANO',439.34,2.44,0.00),(1,22,196,837,'2012-01-01','CIDADE DE DEUS XII','ISMAEL SILVA MARIANO',0.00,26.77,0.00),(1,22,241,834,'2012-01-01','PENIEL','FELIPE JOSÉ PALHETA MAR',93.00,26.73,0.00),(1,22,245,369,'2012-01-01','JARDIM BOTÂNICO I','MIQUÉIAS DO VALE SANTOS',112.00,804.83,0.00),(1,22,245,962,'2012-01-01','JARDIM BOTANICO II','MIQUÉIAS DO VALE SANTOS',0.00,1312.97,0.00),(1,22,248,303,'2012-01-01','CIDADE DE DEUS III','ROGERLANE GOMES DE OLIVEIRA',136.00,71.31,0.00),(1,22,249,697,'2012-01-01','CIDADE DE DEUS X','NICODEMOS DE SOUZA PINTO',0.00,966.70,0.00),(1,22,249,869,'2012-01-01','CIDADE DE DEUS XI','NICODEMOS DE SOUZA PINTO',0.00,10.92,0.00),(1,22,258,457,'2012-01-01','ALFREDO NASCIMENTO I','JESSÉ ALMEIDA DOS SANTOS',1423.00,0.59,0.00),(1,22,258,734,'2012-01-01','ALFREDO NASCIMENTO III','JESSÉ ALMEIDA DOS SANTOS',0.00,48.82,0.00),(1,22,259,431,'2012-01-01','ALFREDO NASCIMENTO II','JANDER COSTA DA SILVA',932.86,0.01,0.00),(1,22,259,487,'2012-01-01','ALFREDO NASCIMENTO V','JANDER COSTA DA SILVA',1052.99,0.01,0.00),(1,22,259,538,'2012-01-01','ALFREDO NASCIMENTO VI','JANDER COSTA DA SILVA',772.50,-105.15,105.15),(1,22,263,486,'2012-01-01','ALFREDO NASCIMENTO IV','JOSUÉ TRINDADE DO NASCIMENTO',1579.91,17.63,0.00),(1,22,274,935,'2012-01-01','CIDADE DE DEUS V','ODINEI GONÇALVES CUSTODIO',0.00,7.41,0.00),(1,22,274,951,'2012-01-01','CIDADE DE DEUS XIV','ODINEI GONÇALVES CUSTODIO',0.00,9.21,0.00),(1,23,14,201,'2012-01-01','ÁGUA BRANCA','RAIMUNDO BENTES GARCIA',0.00,5.17,0.00),(1,23,14,202,'2012-01-01','RAMAL SÃO FRANCISCO - AM 10','RAIMUNDO BENTES GARCIA',0.00,0.00,0.00),(1,23,14,203,'2012-01-01','RAMAL DO LEÃO','RAIMUNDO BENTES GARCIA',0.00,22.56,0.00),(1,23,14,406,'2012-01-01','AM 10 KM 21- COND. BOM JESUS','RAIMUNDO BENTES GARCIA',0.00,2.29,0.00),(1,23,14,504,'2012-01-01','CONDOMINIO LAGO AZUL','RAIMUNDO BENTES GARCIA',0.00,1.18,0.00),(1,23,14,513,'2012-01-01','RAMAL DO GREEN PARK','RAIMUNDO BENTES GARCIA',0.00,0.02,0.00),(1,23,14,678,'2012-01-01','LAGO AZUL II','RAIMUNDO BENTES GARCIA',0.00,3.52,0.00),(1,23,14,679,'2012-01-01','LAGO AZUL III','RAIMUNDO BENTES GARCIA',0.00,0.23,0.00),(1,23,14,866,'2012-01-01','KM 43 R.DA COM.N.ESPERANÇA','RAIMUNDO BENTES GARCIA',0.00,0.10,0.00),(1,23,17,103,'2012-01-01','SANTA ETELVINA II','JOSÉ ABESS FREIRE',0.00,41.77,0.00),(1,23,17,152,'2012-01-01','SANTA ETELVINA V','JOSÉ ABESS FREIRE',260.00,250.19,0.00),(1,23,17,222,'2012-01-01','SANTA ETELVINA VI','JOSÉ ABESS FREIRE',180.00,0.35,0.00),(1,23,17,276,'2012-01-01','SANTA ETELVINA VIII','JOSÉ ABESS FREIRE',530.00,501.93,0.00),(1,23,17,312,'2012-01-01','SANTA ETELVINA IX','JOSÉ ABESS FREIRE',0.00,102.00,0.00),(1,23,17,439,'2012-01-01','SANTA ETELVINA XIV','JOSÉ ABESS FREIRE',615.00,827.26,0.00),(1,23,17,491,'2012-01-01','SANTA ETELVINA XVIII','JOSÉ ABESS FREIRE',940.00,81.54,0.00),(1,23,17,891,'2012-01-01','SANTA ETELVINA XXII','JOSÉ ABESS FREIRE',410.00,240.26,0.00),(1,23,50,101,'2012-01-01','COLÔNIA DA LIBERDADE','ALCIMAR BEZERRA DO VALE',5594.00,38.88,0.00),(1,23,50,194,'2012-01-01','COLÔNIA DA LIBERDADE IV','ALCIMAR BEZERRA DO VALE',308.00,326.17,0.00),(1,23,50,522,'2012-01-01','COLÔNIA DA LIBERDADE V','ALCIMAR BEZERRA DO VALE',237.00,90.34,0.00),(1,23,50,537,'2012-01-01','COLÔNIA DA LIBERDADE VI','ALCIMAR BEZERRA DO VALE',930.59,234.97,0.00),(1,23,50,562,'2012-01-01','COLÔNIA DA LIBERDADE VII','ALCIMAR BEZERRA DO VALE',667.00,212.16,0.00),(1,23,50,620,'2012-01-01','COLÔNIA DA LIBERDADE IX','ALCIMAR BEZERRA DO VALE',237.00,300.98,0.00),(1,23,50,698,'2012-01-01','COLONIA DA LIBERDADE X','ALCIMAR BEZERRA DO VALE',2028.30,-834.29,834.29),(1,23,50,700,'2012-01-01','COLONIA DA LIBERDADE XI','ALCIMAR BEZERRA DO VALE',4071.00,47.39,0.00),(1,23,50,764,'2012-01-01','COLONIA DA LIBERDADE XII','ALCIMAR BEZERRA DO VALE',1067.00,56.84,0.00),(1,23,50,882,'2012-01-01','COLONIA DA LIBERDADE XIII','ALCIMAR BEZERRA DO VALE',400.00,285.47,0.00),(1,23,50,883,'2012-01-01','COLONIA DA LIBERDADE XIV','ALCIMAR BEZERRA DO VALE',100.00,13.16,0.00),(1,23,65,68,'2012-01-01','SANTA ETELVINA I','ERNANDES CARVALHO DE SOUZA',0.00,-29.50,29.50),(1,23,65,120,'2012-01-01','SANTA ETELVINA IV','ERNANDES CARVALHO DE SOUZA',250.00,145.50,0.00),(1,23,65,324,'2012-01-01','SANTA ETELVINA X','ERNANDES CARVALHO DE SOUZA',578.00,17.87,0.00),(1,23,65,392,'2012-01-01','SANTA ETELVINA XI','ERNANDES CARVALHO DE SOUZA',1080.00,2.08,0.00),(1,23,65,451,'2012-01-01','SANTA ETELVINA XVII','ERNANDES CARVALHO DE SOUZA',0.00,0.37,0.00),(1,23,65,910,'2012-01-01','SANTA ETELVINA XXIII','ERNANDES CARVALHO DE SOUZA',0.00,45.04,0.00),(1,23,66,111,'2012-01-01','SANTA ETELVINA III','JOSÉ ALVES PINTO',0.00,10.56,0.00),(1,23,66,266,'2012-01-01','SANTA ETELVINA VII','JOSÉ ALVES PINTO',221.80,0.07,0.00),(1,23,66,407,'2012-01-01','SANTA ETELVINA XII','JOSÉ ALVES PINTO',512.00,0.96,0.00),(1,23,66,408,'2012-01-01','SANTA ETELVINA XIII','JOSÉ ALVES PINTO',481.00,138.26,0.00),(1,23,66,441,'2012-01-01','SANTA ETELVINA XVI','JOSÉ ALVES PINTO',195.00,0.01,0.00),(1,23,66,692,'2012-01-01','SANTA ETELVINA XX','JOSÉ ALVES PINTO',230.00,37.21,0.00),(1,23,66,965,'2012-01-01','SANTA ETELVINA XXIV','JOSÉ ALVES PINTO',0.00,0.00,0.00),(1,23,84,147,'2012-01-01','MONTE DAS OLIVEIRAS I','PAULO HOMERO DE S. MAGALHÃES',200.00,23.62,0.00),(1,23,84,365,'2012-01-01','MONTE DAS OLIVEIRAS II','PAULO HOMERO DE S. MAGALHÃES',108.38,13.71,0.00),(1,23,84,424,'2012-01-01','MONTE DAS OLIVEIRAS IV','PAULO HOMERO DE S. MAGALHÃES',190.00,52.17,0.00),(1,23,84,652,'2012-01-01','MONTE DAS OLIVEIRAS VI','PAULO HOMERO DE S. MAGALHÃES',0.00,55.91,0.00),(1,23,84,675,'2012-01-01','MONTE DAS OLIVEIRAS VII','PAULO HOMERO DE S. MAGALHÃES',34.63,18.73,0.00),(1,23,84,694,'2012-01-01','MONTE DAS OLIVEIRAS VIII','PAULO HOMERO DE S. MAGALHÃES',0.00,39.22,0.00),(1,23,84,872,'2012-01-01','MONTE DAS OLIVEIRAS X','PAULO HOMERO DE S. MAGALHÃES',0.00,4.96,0.00),(1,23,84,947,'2012-01-01','MONTE DAS OLIVEIRAS XIII','PAULO HOMERO DE S. MAGALHÃES',0.00,44.67,0.00),(1,23,84,959,'2012-01-01','MONTE DAS OLIVEIRAS XV','PAULO HOMERO DE S. MAGALHÃES',0.00,0.00,0.00),(1,23,85,375,'2012-01-01','MONTE PASCOAL','FRANCISCO JOSÉ ARRUDA DE LIMA',254.00,30038.02,0.00),(1,23,85,425,'2012-01-01','MONTE PASCOAL III','FRANCISCO JOSÉ ARRUDA DE LIMA',0.00,13.07,0.00),(1,23,85,612,'2012-01-01','MONTE PASCOAL V','FRANCISCO JOSÉ ARRUDA DE LIMA',226.46,24.40,0.00),(1,23,85,613,'2012-01-01','MONTE PASCOAL VI','FRANCISCO JOSÉ ARRUDA DE LIMA',1362.00,36.28,0.00),(1,23,85,708,'2012-01-01','MONTE PASCOAL VII','FRANCISCO JOSÉ ARRUDA DE LIMA',258.12,89.83,0.00),(1,23,85,976,'2012-01-01','MONTE PASCOAL IV','FRANCISCO JOSÉ ARRUDA DE LIMA',0.00,0.00,0.00),(1,23,86,193,'2012-01-01','CONJUNTO RIO PIORINI I','FRANCISCO RAIMUNDO F. MARTINS',0.00,52.15,0.00),(1,23,86,405,'2012-01-01','CONJUNTO RIO PIORINI II','FRANCISCO RAIMUNDO F. MARTINS',5614.55,90.53,0.00),(1,23,86,559,'2012-01-01','CONJUNTO RIO PIORINI IV','FRANCISCO RAIMUNDO F. MARTINS',1626.43,81.41,0.00),(1,23,86,696,'2012-01-01','CONJUNTO RIO PIORINI III','FRANCISCO RAIMUNDO F. MARTINS',210.00,206.32,0.00),(1,23,138,426,'2012-01-01','VISTA ALEGRE I','ISMAEL SABINO DA CUNHA',1154.04,44.99,0.00),(1,23,138,571,'2012-01-01','VISTA ALEGRE II','ISMAEL SABINO DA CUNHA',1050.00,722.64,0.00),(1,23,138,619,'2012-01-01','VISTA ALEGRE III','ISMAEL SABINO DA CUNHA',0.00,983.41,0.00),(1,23,138,699,'2012-01-01','VISTA ALEGRE IV','ISMAEL SABINO DA CUNHA',245.00,14.95,0.00),(1,23,186,621,'2012-01-01','VALE DO JABOQUE','JOSÉ PONCIANO DA CRUZ',0.00,239.84,0.00),(1,23,186,878,'2012-01-01','VALE DO JABOQUE II','JOSÉ PONCIANO DA CRUZ',400.00,764.57,0.00),(1,23,186,879,'2012-01-01','VALE DO JABOQUE III','JOSÉ PONCIANO DA CRUZ',0.00,126.12,0.00),(1,23,201,582,'2012-01-01','CONJUNTO JARDIM RAQUEL I','JARIS PERES CARBAJAL',36.95,21.18,0.00),(1,23,201,695,'2012-01-01','CONJUNTO JARDIM RAQUEL II','JARIS PERES CARBAJAL',0.00,74.64,0.00),(1,23,201,944,'2012-01-01','CONJUNTO JARDIM RAQUEL III','JARIS PERES CARBAJAL',0.00,3.09,0.00),(1,23,201,978,'2012-01-01','CONJUNTO JARDIM RAQUEL IV','JARIS PERES CARBAJAL',0.00,0.00,0.00),(1,23,218,418,'2012-01-01','SAMAUMA','PEDRO DE OLIVEIRA',0.00,29.26,0.00),(1,23,218,981,'2012-01-01','SAMAUMA II','PEDRO DE OLIVEIRA',0.00,0.00,0.00),(1,23,219,873,'2012-01-01','MONTE DAS OLIVEIRAS XI','EDNO DA SILVA CARDOSO',0.00,55.57,0.00),(1,23,242,591,'2012-01-01','MONTE CRISTO I','ARLEILTON BEZERRA DO VALE',892.24,28.74,0.00),(1,23,242,913,'2012-01-01','MONTE CRISTO II','ARLEILTON BEZERRA DO VALE',0.00,0.07,0.00),(1,23,243,301,'2012-01-01','FILADELFIA','JORGE MILLER PEREIRA BRUCE',526.00,15.84,0.00),(1,23,243,958,'2012-01-01','FILADELFIA II','JORGE MILLER PEREIRA BRUCE',0.00,0.00,0.00),(1,23,244,572,'2012-01-01','RIO CLARO','ELIZEU SOUZA DA COSTA',10898.73,21131.95,0.00),(1,23,266,946,'2012-01-01','MONTE DAS OLIVEIRAS XII','IROMAR BENJAMIN DA SILVA',0.00,2.28,0.00),(1,23,266,948,'2012-01-01','MONTE DAS OLIVEIRAS XIV','IROMAR BENJAMIN DA SILVA',0.00,8.29,0.00),(1,23,272,417,'2012-01-01','MONTE VIDEIRA I','PEDRO SALDANHA DE OLIVEIRA',1437.82,-904.84,904.84),(1,23,280,790,'2012-01-01','CONJUNTO RIO PIORINI V','JOSÉ OSCAR DE OLIVEIRA JUNIOR',1097.25,60.43,0.00),(1,23,280,880,'2012-01-01','CONJUNTO RIO PIORINI VI','JOSÉ OSCAR DE OLIVEIRA JUNIOR',0.00,190.97,0.00),(1,23,281,440,'2012-01-01','SANTA ETELVINA XV','SEVERINO BATISTA DA SILVA',65.45,0.81,0.00),(1,23,281,843,'2012-01-01','SANTA ETELVINA XXI','SEVERINO BATISTA DA SILVA',173.00,0.98,0.00),(1,23,282,964,'2012-01-01','COMUNIDADE PENIEL I','RAIMUNDO FERREIRA CRUZ',0.00,3.22,0.00),(1,23,282,977,'2012-01-01','COMUNIDADE NOVO MILENIO','RAIMUNDO FERREIRA CRUZ',0.00,0.00,0.00),(1,23,282,983,'2012-01-01','COMUNIDADE ACARÁ','RAIMUNDO FERREIRA CRUZ',0.00,0.00,0.00),(1,23,283,672,'2012-01-01','SANTA ETELVINA XIX','JOÃO GERALDO ALVES AMORIM FILHO',115.00,7.17,0.00),(1,23,287,317,'2012-01-01','MONTE PASCOAL II','JONILSO SUDÁRIO DE SOUZA',394.91,253.99,0.00),(1,24,31,79,'2012-01-01','DUQUE DE CAXIAS','EDMILSON DA MOTA LOPES',3419.11,205.23,0.00),(1,24,31,118,'2012-01-01','BEIJA-FLOR','EDMILSON DA MOTA LOPES',9309.87,11996.83,0.00),(1,24,31,174,'2012-01-01','SANTA CRUZ','EDMILSON DA MOTA LOPES',1805.72,471.98,0.00),(1,24,31,385,'2012-01-01','PARQUE DAS NAÇÕES II','EDMILSON DA MOTA LOPES',930.62,603.88,0.00),(1,24,31,648,'2012-01-01','PARQUE DAS NAÇÕES V','EDMILSON DA MOTA LOPES',3531.61,18.36,0.00),(1,24,31,907,'2012-01-01','PARQUE DAS NAÇÕES VII','EDMILSON DA MOTA LOPES',450.00,365.04,0.00),(1,24,34,77,'2012-01-01','COLÔNIA SANTO ANTONIO II','MANOEL DE OLIVEIRA SOUZA',0.00,-154.60,154.60),(1,24,34,148,'2012-01-01','COLÔNIA DA LIBERDADE III','MANOEL DE OLIVEIRA SOUZA',893.00,126.89,0.00),(1,24,34,150,'2012-01-01','MANÔA I','MANOEL DE OLIVEIRA SOUZA',0.00,-1028.24,1028.24),(1,24,34,161,'2012-01-01','MONTE SINAI','MANOEL DE OLIVEIRA SOUZA',400.00,75.73,0.00),(1,24,75,435,'2012-01-01','MUNDO NOVO II','OSAIAS GOMES PEREIRA',11657.90,59.78,0.00),(1,24,75,436,'2012-01-01','MUNDO NOVO III','OSAIAS GOMES PEREIRA',708.57,52.35,0.00),(1,24,75,437,'2012-01-01','MUNDO NOVO IV','OSAIAS GOMES PEREIRA',289.00,17.29,0.00),(1,24,75,548,'2012-01-01','MUNDO NOVO V','OSAIAS GOMES PEREIRA',338.00,10.43,0.00),(1,24,76,45,'2012-01-01','COLÔNIA SANTO ANTONIO I','OSÉIAS ALVES DE OLIVEIRA',28365.73,69.15,0.00),(1,24,76,138,'2012-01-01','PARQUE DAS NAÇÕES I','OSÉIAS ALVES DE OLIVEIRA',14625.44,37.77,0.00),(1,24,96,160,'2012-01-01','MANÔA II','EDNALDO GONÇALVES BAIA',0.00,3.12,0.00),(1,24,96,413,'2012-01-01','FLORESTAL I','EDNALDO GONÇALVES BAIA',79.00,1.31,0.00),(1,24,96,416,'2012-01-01','VALE DO SINAI','EDNALDO GONÇALVES BAIA',341.00,0.23,0.00),(1,24,96,536,'2012-01-01','FLORESTAL II','EDNALDO GONÇALVES BAIA',116.00,3.62,0.00),(1,24,96,598,'2012-01-01','VALE DO SINAI II','EDNALDO GONÇALVES BAIA',123.00,0.20,0.00),(1,24,96,615,'2012-01-01','COLÔNIA TERRA NOVA IV','EDNALDO GONÇALVES BAIA',515.60,33.61,0.00),(1,24,96,748,'2012-01-01','MANÔA IV','EDNALDO GONÇALVES BAIA',0.00,16.13,0.00),(1,24,123,168,'2012-01-01','MUNDO NOVO I','MISAEL DE MELO E SILVA',108.03,6.27,0.00),(1,24,160,496,'2012-01-01','PARQUE DAS NAÇÕES IV','ELDANI MOREIRA DA SILVA',1303.00,27.64,0.00),(1,24,160,852,'2012-01-01','PARQUE DAS NAÇÕES VI','ELDANI MOREIRA DA SILVA',632.00,761.07,0.00),(1,24,191,419,'2012-01-01','PARQUE DAS NAÇÕES III','WESLEY SIQUEIRA DE BASTOS',856.00,40.64,0.00),(1,24,199,623,'2012-01-01','MANOA III','JOSIAS DA CONCEIÇÃO OLIVEIRA',382.28,7.78,0.00),(1,24,199,856,'2012-01-01','CENTRO EVANGELISTICO MANOA','JOSIAS DA CONCEIÇÃO OLIVEIRA',0.00,21.07,0.00),(1,24,200,531,'2012-01-01','MONTE SINAI II','IZOLINO SOUZA ALFAIA',3249.38,70.76,0.00),(1,24,200,601,'2012-01-01','MONTE SINAI III','IZOLINO SOUZA ALFAIA',0.00,60.31,0.00),(1,24,200,904,'2012-01-01','MONTE SINAI IV','IZOLINO SOUZA ALFAIA',0.00,0.81,0.00),(1,24,239,545,'2012-01-01','PARQUE CENTENÁRIO','JACINTO PINHEIRO',5466.00,368.45,0.00),(1,25,77,142,'2012-01-01','RIACHO DOCE','ONESMO MESQUITA FERREIRA',850.00,1241.53,0.00),(1,25,77,401,'2012-01-01','RIACHO DOCE II','ONESMO MESQUITA FERREIRA',0.00,113.37,0.00),(1,25,77,710,'2012-01-01','RIACHO DOCE III','ONESMO MESQUITA FERREIRA',4170.00,969.19,0.00),(1,25,77,750,'2012-01-01','CENTRO EVANG RIACHO DOCE','ONESMO MESQUITA FERREIRA',696.00,106.05,0.00),(1,25,77,895,'2012-01-01','RIACHO DOCE V','ONESMO MESQUITA FERREIRA',0.00,101.53,0.00),(1,25,116,767,'2012-01-01','CONJ. NOVA CIDADE I','ORLANDO DA SILVA SANTOS',0.00,652.60,0.00),(1,25,116,787,'2012-01-01','CONJ. NOVA CIDADE XIII','ORLANDO DA SILVA SANTOS',300.00,18.75,0.00),(1,25,116,855,'2012-01-01','CONJ. NOVA CIDADE XV','ORLANDO DA SILVA SANTOS',1094.00,1294.17,0.00),(1,25,116,861,'2012-01-01','CONJUNTO CARLOS BRAGA','ORLANDO DA SILVA SANTOS',408.20,79.51,0.00),(1,25,117,769,'2012-01-01','CONJ. NOVA CIDADE III','JOÃO DE DEUS LOPES FILHO',13.72,93.81,0.00),(1,25,117,785,'2012-01-01','CONJ. NOVA CIDADE XI','JOÃO DE DEUS LOPES FILHO',2.37,2.21,0.00),(1,25,127,783,'2012-01-01','CONJ. NOVA CIDADE IX','ADONIAS MESQUITA FERREIRA',100.00,79.44,0.00),(1,25,128,780,'2012-01-01','CONJ. NOVA CIDADE VI','RAIMUNDO NONATO BARROS',0.00,22.04,0.00),(1,25,128,781,'2012-01-01','CONJ. NOVA CIDADE VII','RAIMUNDO NONATO BARROS',0.00,262.73,0.00),(1,25,129,774,'2012-01-01','CONJ. NOVA CIDADE IV','ABEDENEGO DA ROCHA B.FILHO',736.74,332.73,0.00),(1,25,129,775,'2012-01-01','CONJ. NOVA CIDADE V','ABEDENEGO DA ROCHA B.FILHO',3797.00,104.75,0.00),(1,25,129,833,'2012-01-01','CONJUNTO NOVA CIDADE XIV','ABEDENEGO DA ROCHA B.FILHO',1156.00,75.35,0.00),(1,25,130,776,'2012-01-01','CONJ. JOÃO PAULO 2-1','MARCIO DOS SANTOS FERNANDES',0.00,139.34,0.00),(1,25,130,778,'2012-01-01','CONJ. JOÃO PAULO 2-3','MARCIO DOS SANTOS FERNANDES',0.00,154.48,0.00),(1,25,130,779,'2012-01-01','CONJ. JOÃO PAULO 2-4','MARCIO DOS SANTOS FERNANDES',0.00,55.35,0.00),(1,25,130,800,'2012-01-01','CONJ. JOÃO PAULO 2-2','MARCIO DOS SANTOS FERNANDES',0.00,224.19,0.00),(1,25,132,777,'2012-01-01','CONJ. GALILEIA II','JOCIFRAN BRUCE DE SOUZA',40.00,3.55,0.00),(1,25,132,789,'2012-01-01','CONJ. GALILÉIA I','JOCIFRAN BRUCE DE SOUZA',10.00,92.92,0.00),(1,25,144,830,'2012-01-01','CONJUNTO NOVA CIDADE XVI','AREA SEM PASTOR',237.75,102.05,0.00),(1,25,144,892,'2012-01-01','MORIÁ','AREA SEM PASTOR',550.00,162.05,0.00),(1,25,144,893,'2012-01-01','GETSEMÂNI','AREA SEM PASTOR',90.00,186.21,0.00),(1,25,155,461,'2012-01-01','CAMPO DOURADO I','ANTÔNIO DAS GRAÇAS L. DO NASCIMENTO',330.00,1462.07,0.00),(1,25,155,665,'2012-01-01','RIACHO DOCE IV','ANTÔNIO DAS GRAÇAS L. DO NASCIMENTO',400.00,227.29,0.00),(1,25,202,889,'2012-01-01','CONJUNTO CIDADÃO VII','ELIOMAR TRINDADE CAMPOS',32887.48,1698.65,0.00),(1,25,202,961,'2012-01-01','CONJUNTO CIDADÃO XII','ELIOMAR TRINDADE CAMPOS',13694.00,192.90,0.00),(1,25,216,575,'2012-01-01','CAMPO DOURADO III','DARLISON ARCANJO DE SOUZA',7150.00,224.99,0.00),(1,25,217,527,'2012-01-01','CAMPO DOURADO II','NILDO DE SOUZA MACEDO',22.00,359.65,0.00),(1,25,217,810,'2012-01-01','CAMPO DOURADO IV','NILDO DE SOUZA MACEDO',367.00,10.05,0.00),(1,25,237,930,'2012-01-01','CONJUNTO CIDADÃO VI','FRANCIMAR AMAZONAS VENTURA',0.00,0.00,0.00),(1,25,247,768,'2012-01-01','CONJ. NOVA CIDADE II','IDELMO PEREIRA LIMA',0.00,0.56,0.00),(1,25,247,786,'2012-01-01','CONJ. NOVA CIDADE XII','IDELMO PEREIRA LIMA',25.30,24.71,0.00),(1,25,284,949,'2012-01-01','CONJUNTO NOVA CIDADE XVII','ROSSIVALDO DUARTE DE LIMA',0.00,5.88,0.00),(1,25,285,782,'2012-01-01','CONJ. NOVA CIDADE VIII','EFRAIM DE SOUZA NOGUEIRA',289.81,18.99,0.00),(1,25,285,784,'2012-01-01','CONJ. NOVA CIDADE X','EFRAIM DE SOUZA NOGUEIRA',0.00,42.54,0.00),(2,1,1,1,'2012-01-01','TEMPLO CENTRAL','FRANCISCO VITAL BANDEIRA',0.00,4299.00,0.00),(2,1,43,30,'2012-01-01','PARINTINS','FRANCINEI SILVA DOS SANTOS',9518.92,1670.44,0.00),(2,1,58,245,'2012-01-01','LEONARDO MALCHER','ANTONIO FERREIRA LIMA',4198.00,1012.52,0.00),(2,1,58,398,'2012-01-01','HUMAITÁ','ANTONIO FERREIRA LIMA',416.20,17.20,0.00),(2,1,59,242,'2012-01-01','IPIXUNA II','ALANDERSON SILVA BARROS',0.00,105.90,0.00),(2,1,59,269,'2012-01-01','07 DE SETEMBRO','ALANDERSON SILVA BARROS',0.00,0.77,0.00),(2,1,59,272,'2012-01-01','MANAUS MODERNA','ALANDERSON SILVA BARROS',0.00,1.75,0.00),(2,1,59,507,'2012-01-01','PRAÇA 14','ALANDERSON SILVA BARROS',337.56,0.68,0.00),(2,1,267,719,'2012-01-01','CARVALHO LEAL','ANTONIO ALGENOR MARTINS RABELO',1802.77,916.60,0.00),(2,1,268,67,'2012-01-01','VILA OPERÁRIA','LUZIMAR NUNES NEVES',2066.00,231.55,0.00),(2,1,268,558,'2012-01-01','6 DE JANEIRO','LUZIMAR NUNES NEVES',1888.00,208.59,0.00),(2,2,3,6,'2012-01-01','RAIZ I','NILTON BARRONCAS DOS SANTOS',5005.00,180.94,0.00),(2,2,3,126,'2012-01-01','RAIZ II','NILTON BARRONCAS DOS SANTOS',0.00,128.07,0.00),(2,2,3,550,'2012-01-01','RAIZ III','NILTON BARRONCAS DOS SANTOS',6190.50,62.93,0.00),(2,2,25,5,'2012-01-01','EDUCANDOS I','CLEBER DE BRITO PERES',1844.01,84.72,0.00),(2,2,45,11,'2012-01-01','COLÔNIA OLIVEIRA MACHADO I','JOSÉ CARLOS SILVA DE SOUZA',0.00,540.65,0.00),(2,2,45,357,'2012-01-01','COLÔNIA OLIVEIRA MACHADO IV','JOSÉ CARLOS SILVA DE SOUZA',3482.00,1122.89,0.00),(2,2,99,42,'2012-01-01','SANTA LUZIA','MÁRIO JANIO BARRONCAS BRASIL',678.00,66.52,0.00),(2,2,99,285,'2012-01-01','SANTA LUZIA II','MÁRIO JANIO BARRONCAS BRASIL',335.00,241.56,0.00),(2,2,100,29,'2012-01-01','MORRO DA LIBERDADE I','DAVID BESSA DA SILVA',0.00,593.29,0.00),(2,2,100,156,'2012-01-01','MORRO DA LIBERDADE II','DAVID BESSA DA SILVA',0.00,102.98,0.00),(2,2,210,546,'2012-01-01','EDUCANDOS II','JOSÉ CLAUDIO RUFINO DOS SANTOS',3380.42,262.79,0.00),(2,2,210,760,'2012-01-01','EDUCANDOS III','JOSÉ CLAUDIO RUFINO DOS SANTOS',1150.00,48.51,0.00),(2,2,211,300,'2012-01-01','CACHOEIRINHA IV','LUIZ DA COSTA',0.00,87.94,0.00),(2,2,300,179,'2012-01-01','MORRO DA LIBERDADE III','FRANCISCO ARIOSTO L. DA SILVA',3756.48,68.44,0.00),(2,3,5,4,'2012-01-01','PETRÓPOLIS I','ABDIAS MARTINS PAIVA',0.00,113.51,0.00),(2,3,5,23,'2012-01-01','PETRÓPOLIS II','ABDIAS MARTINS PAIVA',0.00,641.66,0.00),(2,3,5,44,'2012-01-01','BENTO BRASIL','ABDIAS MARTINS PAIVA',718.30,352.13,0.00),(2,3,5,945,'2012-01-01','PETROPOLIS III','ABDIAS MARTINS PAIVA',0.00,78.51,0.00),(2,3,23,22,'2012-01-01','JAPIIM I','SAMUEL BRITO DOS SANTOS',0.00,4087.09,0.00),(2,3,23,62,'2012-01-01','JAPIIM II','SAMUEL BRITO DOS SANTOS',0.00,305.02,0.00),(2,3,23,364,'2012-01-01','ATÍLIO ANDREAZZA','SAMUEL BRITO DOS SANTOS',0.00,746.96,0.00),(2,3,41,3,'2012-01-01','SÃO FRANCISCO I','SADI RODRIGUES CALDAS',3834.00,47.41,0.00),(2,3,41,72,'2012-01-01','SÃO FRANCISCO II','SADI RODRIGUES CALDAS',500.00,26.99,0.00),(2,3,41,107,'2012-01-01','SÃO FRANCISCO III','SADI RODRIGUES CALDAS',0.00,133.14,0.00),(2,3,41,248,'2012-01-01','SÃO FRANCISCO IV','SADI RODRIGUES CALDAS',0.00,25.25,0.00),(2,3,98,105,'2012-01-01','SÃO SEBASTIÃO I','EDIVALDO SOUZA ANASTÁCIO',0.00,1406.62,0.00),(2,3,98,178,'2012-01-01','SÃO SEBASTIÃO II','EDIVALDO SOUZA ANASTÁCIO',0.00,1673.95,0.00),(2,3,98,192,'2012-01-01','NOVA JERUSALÉM I','EDIVALDO SOUZA ANASTÁCIO',800.00,102.27,0.00),(2,3,98,220,'2012-01-01','SÃO SEBASTIÃO III','EDIVALDO SOUZA ANASTÁCIO',0.00,6955.71,0.00),(2,3,106,600,'2012-01-01','CANAÃ','ANANIAS GOMES DE SOUZA',597.00,53.48,0.00),(2,3,124,38,'2012-01-01','JAPIINLÂNDIA I','CAMILO DIAS PEREIRA FILHO',0.00,3.84,0.00),(2,3,124,81,'2012-01-01','JAPIINLÂNDIA II','CAMILO DIAS PEREIRA FILHO',0.00,1.35,0.00),(2,3,124,249,'2012-01-01','VALE DO AMANHECER','CAMILO DIAS PEREIRA FILHO',0.00,7.90,0.00),(2,3,124,304,'2012-01-01','JAPIINLÂNDIA III','CAMILO DIAS PEREIRA FILHO',0.00,6.44,0.00),(2,3,148,804,'2012-01-01','BETEL','JOSÉ FELIPE DA SILVA',0.00,35.51,0.00),(2,3,192,870,'2012-01-01','JARDIM PETROPOLIS','JOSÉ VIEIRA DA SILVA',1149.00,89.37,0.00),(2,3,192,954,'2012-01-01','JARDIM PETROPOLIS II','JOSÉ VIEIRA DA SILVA',0.00,0.00,0.00),(2,3,226,223,'2012-01-01','JAPIIM IV','JOSÉ GUEDES DOS SANTOS NETO',0.00,399.76,0.00),(2,3,227,175,'2012-01-01','JAPIIM III','RONALDO COSTA SAMPAIO',170.00,92.08,0.00),(2,7,24,200,'2012-01-01','TENDA - CONSTANTINO NERY','JULIO CESAR AQUINO DE SOUZA',0.00,363.41,0.00),(2,7,35,49,'2012-01-01','VILA AMAZONAS','EDMILSON FERREIRA DA SILVA',0.00,46.40,0.00),(2,7,44,2,'2012-01-01','BOA SORTE','THIAGO JONATAS FERREIRA CAMARA',24213.20,9.27,0.00),(2,7,44,367,'2012-01-01','BARIRI','THIAGO JONATAS FERREIRA CAMARA',1512.00,82.12,0.00),(2,7,57,340,'2012-01-01','TENDA DA FAMÍLIA','ELIONAI MATHIAS REIS',320458.65,117434.87,0.00),(2,7,61,7,'2012-01-01','ALEIXO I','MANOEL ARGEMIRO DO VALE',0.00,3262.29,0.00),(2,7,61,78,'2012-01-01','ALEIXO II','MANOEL ARGEMIRO DO VALE',8000.00,569.47,0.00),(2,7,198,33,'2012-01-01','RAMOS FERREIRA','ADONIAS VIANA RODRIGUES',4617.75,788.64,0.00),(2,7,198,325,'2012-01-01','PRESIDENTE VARGAS','ADONIAS VIANA RODRIGUES',8165.00,2716.35,0.00),(2,7,198,396,'2012-01-01','APURINA','ADONIAS VIANA RODRIGUES',4203.00,82.60,0.00),(2,7,203,368,'2012-01-01','ALEIXO III','RAIMUNDO EXPEDITO C. BEZERRA',0.00,138.02,0.00),(2,7,255,328,'2012-01-01','ADRIANOPOLIS I','MIQUEIAS DE OLIVEIRA ALEXANDRE',0.00,32.38,0.00),(2,7,255,5003,'2012-01-01','ADRIANOPOLIS II - P. DE PREG.','MIQUEIAS DE OLIVEIRA ALEXANDRE',0.00,0.00,0.00),(2,7,289,37,'2012-01-01','DJALMA BATISTA','ANTONIO DIONE E. DOS SANTOS',0.00,314.40,0.00),(2,7,289,327,'2012-01-01','SANTA GERAÇAO','ANTONIO DIONE E. DOS SANTOS',3070.00,565.36,0.00),(2,7,290,15,'2012-01-01','PARQUE 10 V-8','ISAAC RODRIGUES DOS SANTOS',729.00,540.47,0.00),(2,8,7,71,'2012-01-01','PARQUE DEZ I','SEBASTIÃO NUNES DE SOUZA',45.08,102.76,0.00),(2,8,7,604,'2012-01-01','PARQUE DEZ II','SEBASTIÃO NUNES DE SOUZA',0.00,125.04,0.00),(2,8,55,470,'2012-01-01','PARQUE DAS LARANJEIRAS IV','RICHARDSON DE OLIVEIRA LIBÓRIO',670.00,1124.00,0.00),(2,8,55,688,'2012-01-01','PARQUE DAS LARANJEIRAS VI','RICHARDSON DE OLIVEIRA LIBÓRIO',1200.00,3475.08,0.00),(2,8,55,838,'2012-01-01','PARQUE DAS LARANJEIRAS VII','RICHARDSON DE OLIVEIRA LIBÓRIO',1130.00,1216.24,0.00),(2,8,63,52,'2012-01-01','UNIÃO I','MÁRIO JORGE MENEZES MOURA',6975.00,366.11,0.00),(2,8,63,93,'2012-01-01','UNIÃO II','MÁRIO JORGE MENEZES MOURA',8463.00,1865.99,0.00),(2,8,63,311,'2012-01-01','RODOVIARIA','MÁRIO JORGE MENEZES MOURA',6014.00,817.90,0.00),(2,8,63,345,'2012-01-01','UNIÃO III','MÁRIO JORGE MENEZES MOURA',2855.00,168.99,0.00),(2,8,63,356,'2012-01-01','UNIÃO IV','MÁRIO JORGE MENEZES MOURA',1475.00,109.15,0.00),(2,8,82,544,'2012-01-01','PARQUE DAS LARANJEIRAS V','ALCY RIBEIRO PAIVA',464.00,114.81,0.00),(2,8,82,985,'2012-01-01','PARQUE DAS LARANJEIRAS IX','ALCY RIBEIRO PAIVA',0.00,0.00,0.00),(2,8,109,185,'2012-01-01','SHANGRILÁ I','FRANCISCO LOPES DE LIMA',1500.00,1804.68,0.00),(2,8,110,291,'2012-01-01','PRIMAVERA III','LUIZ PAIXÃO DA CRUZ',1008.14,148.16,0.00),(2,8,110,472,'2012-01-01','PRIMAVERA II','LUIZ PAIXÃO DA CRUZ',270.00,155.15,0.00),(2,8,110,500,'2012-01-01','PRIMAVERA I','LUIZ PAIXÃO DA CRUZ',607.00,241.19,0.00),(2,8,110,849,'2012-01-01','PRIMAVERA IV','LUIZ PAIXÃO DA CRUZ',433.00,42.45,0.00),(2,8,110,903,'2012-01-01','PRIMAVERA V','LUIZ PAIXÃO DA CRUZ',88.00,15.27,0.00),(2,8,204,897,'2012-01-01','DJALMA BATISTA II','FRANCISCO KELVYN MONTEIRO DA SILVA',0.00,46008.52,0.00),(2,8,205,294,'2012-01-01','SHANGRILÁ II','ISMAEL MONTEIRO DANTAS',90.00,348.60,0.00),(2,8,206,383,'2012-01-01','SHANGRILÁ III','ISAIAS MOREIRA DA SILVA',12651.48,3810.22,0.00),(2,8,207,389,'2012-01-01','SHANGRILÁ IV','REGINAURO DE ALMEIDA DIAS',0.00,1918.04,0.00),(2,8,220,468,'2012-01-01','PARQUE DAS LARANJEIRAS II','ADRIANO MONTEIRO C. DE LIMA',0.00,1.97,0.00),(2,8,234,31,'2012-01-01','CHAPADA','ISAIAS DA SILVA ROCHA',0.00,1574.17,0.00),(2,8,269,469,'2012-01-01','PARQUE  LARANJEIRAS III','JOSÉ RODRIGUES DA SILVA NETO',129.75,32.55,0.00),(2,8,270,950,'2012-01-01','PARQUE DAS LARANJEIRAS VIII','BENONIAS SOUSA CHAGAS',0.00,79.52,0.00),(2,9,22,9,'2012-01-01','BETÂNIA I','ENOQUE SANTARÉM VINENTE',13419.84,104.04,0.00),(2,9,22,135,'2012-01-01','BETÂNIA II','ENOQUE SANTARÉM VINENTE',6480.00,-327.26,327.26),(2,9,22,154,'2012-01-01','BETÂNIA III','ENOQUE SANTARÉM VINENTE',1590.39,1505.98,0.00),(2,9,22,338,'2012-01-01','BETÂNIA IV','ENOQUE SANTARÉM VINENTE',2400.00,193.32,0.00),(2,9,22,354,'2012-01-01','BETÂNIA V','ENOQUE SANTARÉM VINENTE',3335.00,99.99,0.00),(2,9,37,173,'2012-01-01','CRESPO II','JEFFERSON SIMOES KIMURA',2250.00,354.22,0.00),(2,9,54,12,'2012-01-01','SÃO LÁZARO','GUILHERME FARIAS DE SOUZA',0.00,173.63,0.00),(2,9,54,16,'2012-01-01','LAGOA VERDE','GUILHERME FARIAS DE SOUZA',0.00,194.84,0.00),(2,9,173,63,'2012-01-01','CRESPO I','LADISLAU ALVES REBOUÇAS',10250.00,17434.61,0.00),(2,9,174,246,'2012-01-01','CRESPO IV','PEDRO DE JESUS SILVESTRE',430.00,635.45,0.00),(2,9,174,429,'2012-01-01','CRESPO V','PEDRO DE JESUS SILVESTRE',170.00,71.65,0.00),(2,9,174,607,'2012-01-01','CRESPO VI','PEDRO DE JESUS SILVESTRE',0.00,19.76,0.00),(2,9,260,660,'2012-01-01','CRESPO VII','HUNDERBURG MARCIO PINHEIRO BORGES',0.00,138.21,0.00),(2,9,261,197,'2012-01-01','CRESPO III','MARCIO DA COSTA RIBEIRO',9623.00,-520.37,520.37),(2,9,262,430,'2012-01-01','NOVA REPÚBLICA','MOISES CARVALHO DE CASTRO',24528.00,9342.20,0.00),(3,4,11,27,'2012-01-01','COROADO IV','FRANCISCO CAVALCANTE DE FREITAS',0.00,57.84,0.00),(3,4,49,92,'2012-01-01','OURO VERDE I','MOISÉS BARBOSA MOÇO',195.00,3.21,0.00),(3,4,49,164,'2012-01-01','OURO VERDE VI','MOISÉS BARBOSA MOÇO',800.00,2.16,0.00),(3,4,49,653,'2012-01-01','OURO VERDE IX','MOISÉS BARBOSA MOÇO',0.00,10.55,0.00),(3,4,49,955,'2012-01-01','OURO VERDE X','MOISÉS BARBOSA MOÇO',0.00,170.87,0.00),(3,4,69,24,'2012-01-01','COROADO I','EDUARDO GOMES PEREIRA',86.70,12.18,0.00),(3,4,69,427,'2012-01-01','COROADO X','EDUARDO GOMES PEREIRA',11.32,82.19,0.00),(3,4,69,586,'2012-01-01','COROADO XI','EDUARDO GOMES PEREIRA',0.00,19.39,0.00),(3,4,69,722,'2012-01-01','COROADO XII','EDUARDO GOMES PEREIRA',0.00,171.66,0.00),(3,4,70,391,'2012-01-01','COROADO VIII','CILAS FERREIRA DOS SANTOS',0.00,111.01,0.00),(3,4,70,421,'2012-01-01','COROADO IX','CILAS FERREIRA DOS SANTOS',0.00,231.38,0.00),(3,4,166,28,'2012-01-01','COROADO III','JOÃO LOMAS DE SOUZA',6905.41,-166.94,166.94),(3,4,166,687,'2012-01-01','COROADO VII','JOÃO LOMAS DE SOUZA',0.00,102.74,0.00),(3,4,167,331,'2012-01-01','COROADO VI','FRANCISCO NARCÉLIO DE OLIVEIRA',0.00,20.14,0.00),(3,4,167,867,'2012-01-01','COROADO XIV','FRANCISCO NARCÉLIO DE OLIVEIRA',0.00,115.72,0.00),(3,4,168,189,'2012-01-01','OURO VERDE VII','PABLITO ASSUNÇÃO SIMPLICIO',2145.00,18.37,0.00),(3,4,168,381,'2012-01-01','OURO VERDE II','PABLITO ASSUNÇÃO SIMPLICIO',349.00,35.63,0.00),(3,4,169,284,'2012-01-01','OURO VERDE VIII','SEBASTIÃO ALMEIDA T. FILHO',0.00,6.08,0.00),(3,4,170,344,'2012-01-01','OURO VERDE III','ABRAÃO ROSAS BARBOSA',0.00,29.66,0.00),(3,4,170,518,'2012-01-01','OURO VERDE V','ABRAÃO ROSAS BARBOSA',0.00,13.70,0.00),(3,4,171,483,'2012-01-01','VILA ALFREDO NASCIMENTO','DALMIR FERREIRA DOS SANTOS',115.47,79.13,0.00),(3,4,172,21,'2012-01-01','COROADO II','LINDOMAR JORGE DOS SANTOS',140.00,1244.77,0.00),(3,4,294,290,'2012-01-01','COROADO V','TIAGO FERNANDO CAVALCANTE DE FREITAS',15456.92,201.05,0.00),(3,4,294,974,'2012-01-01','COROADO XVII','TIAGO FERNANDO CAVALCANTE DE FREITAS',0.00,0.00,0.00),(3,4,295,724,'2012-01-01','COROADO XIII','WEVERTON CLEISON B.V. CONCEIÇÃO',0.00,125.87,0.00),(3,4,295,901,'2012-01-01','COROADO XVI','WEVERTON CLEISON B.V. CONCEIÇÃO',0.00,10.69,0.00),(3,5,12,48,'2012-01-01','SÃO JOSÉ I','CLÁUDIO DE CARVALHO LAGARTO',9944.83,446.00,0.00),(3,5,12,450,'2012-01-01','SÃO JOSÉ V - II','CLÁUDIO DE CARVALHO LAGARTO',100.00,55.57,0.00),(3,5,12,936,'2012-01-01','SÃO JOSÉ I-3','CLÁUDIO DE CARVALHO LAGARTO',0.00,3.09,0.00),(3,5,67,61,'2012-01-01','SÃO JOSÉ III','MANOEL CLÁUDIO A. REBOUÇAS',26609.12,135.71,0.00),(3,5,67,151,'2012-01-01','SÃO JOSÉ V','MANOEL CLÁUDIO A. REBOUÇAS',26431.11,1252.87,0.00),(3,5,67,287,'2012-01-01','SÃO JOSÉ VII','MANOEL CLÁUDIO A. REBOUÇAS',21748.37,7.50,0.00),(3,5,67,651,'2012-01-01','SÃO JOSÉ X','MANOEL CLÁUDIO A. REBOUÇAS',10315.56,147.62,0.00),(3,5,67,881,'2012-01-01','SÃO JOSÉ VIII','MANOEL CLÁUDIO A. REBOUÇAS',520.00,259.31,0.00),(3,5,67,956,'2012-01-01','SÃO JOSÉ IX','MANOEL CLÁUDIO A. REBOUÇAS',1145.00,29.43,0.00),(3,5,67,968,'2012-01-01','SÃO JOSÉ XII','MANOEL CLÁUDIO A. REBOUÇAS',0.00,0.00,0.00),(3,5,90,343,'2012-01-01','NOVO REINO I','ERIVELTON TAVEIRA DA SILVA',1000.00,490.54,0.00),(3,5,90,484,'2012-01-01','NOVO REINO II','ERIVELTON TAVEIRA DA SILVA',112.00,139.70,0.00),(3,5,90,503,'2012-01-01','NOVA CONQUISTA I','ERIVELTON TAVEIRA DA SILVA',768.00,424.44,0.00),(3,5,90,847,'2012-01-01','NOVA COMQUISTA III','ERIVELTON TAVEIRA DA SILVA',682.00,387.09,0.00),(3,5,90,929,'2012-01-01','NOVO REINO XI','ERIVELTON TAVEIRA DA SILVA',0.00,176.05,0.00),(3,5,91,511,'2012-01-01','GRANDE VITÓRIA I','FRANCISCO EDER ROCHA SILVA',0.00,61.98,0.00),(3,5,91,512,'2012-01-01','GRANDE VITÓRIA II','FRANCISCO EDER ROCHA SILVA',0.00,215.10,0.00),(3,5,91,520,'2012-01-01','GRANDE VITÓRIA IV','FRANCISCO EDER ROCHA SILVA',620.85,44.25,0.00),(3,5,91,539,'2012-01-01','GRANDE VITÓRIA V','FRANCISCO EDER ROCHA SILVA',0.00,234.58,0.00),(3,5,91,596,'2012-01-01','GRANDE VITÓRIA VII','FRANCISCO EDER ROCHA SILVA',325.00,132.07,0.00),(3,5,105,94,'2012-01-01','SÃO JOSÉ IV','VALRI FRANCISCO DA CRUZ SILVA',190.00,6.60,0.00),(3,5,105,227,'2012-01-01','SÃO JOSÉ II  1ª ETAPA','VALRI FRANCISCO DA CRUZ SILVA',0.00,19.66,0.00),(3,5,105,236,'2012-01-01','SÃO JOSÉ VI','VALRI FRANCISCO DA CRUZ SILVA',0.00,43.65,0.00),(3,5,105,868,'2012-01-01','SÃO JOSÉ XI','VALRI FRANCISCO DA CRUZ SILVA',0.00,52.40,0.00),(3,5,126,313,'2012-01-01','NOVO REINO III','RAUCIÉLE SOUTO DE ALENCAR',565.32,17.01,0.00),(3,5,126,610,'2012-01-01','NOVO REINO IV','RAUCIÉLE SOUTO DE ALENCAR',986.00,11.96,0.00),(3,5,126,812,'2012-01-01','NOVO REINO VII','RAUCIÉLE SOUTO DE ALENCAR',537.00,9.94,0.00),(3,5,145,563,'2012-01-01','GRANDE VITÓRIA VI','GIVANILDO SOARES DE MOURA',40.00,50.08,0.00),(3,5,145,676,'2012-01-01','GRANDE VITÓRIA VIII','GIVANILDO SOARES DE MOURA',240.00,98.87,0.00),(3,5,145,802,'2012-01-01','GRANDE VITÓRIA IX','GIVANILDO SOARES DE MOURA',735.40,98.00,0.00),(3,5,145,806,'2012-01-01','GRANDE VITORIA X','GIVANILDO SOARES DE MOURA',180.00,20.20,0.00),(3,5,145,902,'2012-01-01','GRANDE VITORIA XI','GIVANILDO SOARES DE MOURA',0.00,25.83,0.00),(3,5,145,914,'2012-01-01','GRANDE VITORIA XII','GIVANILDO SOARES DE MOURA',0.00,0.64,0.00),(3,5,152,519,'2012-01-01','GRANDE VITÓRIA III','DEOCÍDIO DE SOUZA COSTA',0.00,0.41,0.00),(3,5,152,661,'2012-01-01','GILBERTO MESTRINHO I','DEOCÍDIO DE SOUZA COSTA',190.00,17.64,0.00),(3,5,152,662,'2012-01-01','GILBERTO MESTRINHO II','DEOCÍDIO DE SOUZA COSTA',96.82,0.50,0.00),(3,5,154,315,'2012-01-01','NOVO REINO VIII','JOSÉ SANTOS BATISTA',1261.01,1726.36,0.00),(3,5,154,860,'2012-01-01','NOVO REINO IX','JOSÉ SANTOS BATISTA',1096.25,198.11,0.00),(3,5,184,608,'2012-01-01','NOVA CONQUISTA II','WILLEN DA SILVA TEIXEIRA',131.70,196.77,0.00),(3,5,184,925,'2012-01-01','NOVA CONQUISTA IV','WILLEN DA SILVA TEIXEIRA',1178.00,707.12,0.00),(3,5,185,131,'2012-01-01','SÃO LUCAS I','CARLOS ALBERTO F. DE CASTRO',696.00,21.34,0.00),(3,5,185,239,'2012-01-01','SÃO LUCAS II','CARLOS ALBERTO F. DE CASTRO',322.00,59.73,0.00),(3,5,257,689,'2012-01-01','NOVO REINO V','EDIVAN SARAIVA PALHANO',130.00,41.10,0.00),(3,5,257,863,'2012-01-01','NOVO REINO X','EDIVAN SARAIVA PALHANO',85.00,29.68,0.00),(3,5,265,465,'2012-01-01','GRANDE CIRCULAR','FRANCISCO DE AGUIAR RODRIGUES',36376.00,27.49,0.00),(3,6,15,210,'2012-01-01','ANTÔNIO ALEIXO II','JOEL FERREIRA ALEXANDRE',120.00,16.95,0.00),(3,6,15,211,'2012-01-01','ANTÔNIO ALEIXO I','JOEL FERREIRA ALEXANDRE',840.00,270.65,0.00),(3,6,15,213,'2012-01-01','ANTÔNIO ALEIXO IV','JOEL FERREIRA ALEXANDRE',0.00,1184.52,0.00),(3,6,15,215,'2012-01-01','ANTÔNIO ALEIXO VI','JOEL FERREIRA ALEXANDRE',165.00,117.58,0.00),(3,6,15,225,'2012-01-01','ANTÔNIO ALEIXO VII','JOEL FERREIRA ALEXANDRE',880.00,722.10,0.00),(3,6,15,501,'2012-01-01','ANTÔNIO ALEIXO IX','JOEL FERREIRA ALEXANDRE',1880.00,1052.06,0.00),(3,6,15,798,'2012-01-01','ANTÔNIO ALEIXO X','JOEL FERREIRA ALEXANDRE',1180.00,261.52,0.00),(3,6,15,886,'2012-01-01','ANTONIO ALEIXO XII','JOEL FERREIRA ALEXANDRE',1684.82,294.18,0.00),(3,6,36,252,'2012-01-01','PURAQUEQUARA II','ELI FERNANDES BEZERRA',0.00,654.77,0.00),(3,6,36,262,'2012-01-01','PURAQUEQUARA I','ELI FERNANDES BEZERRA',184.00,1115.13,0.00),(3,6,36,335,'2012-01-01','PURAQUEQUARA IV','ELI FERNANDES BEZERRA',0.00,1171.15,0.00),(3,6,36,373,'2012-01-01','PURAQUEQUARA VII','ELI FERNANDES BEZERRA',0.00,5687.66,0.00),(3,6,36,493,'2012-01-01','PURAQUEQUARA V','ELI FERNANDES BEZERRA',0.00,841.68,0.00),(3,6,36,494,'2012-01-01','PURAQUEQUARA VI','ELI FERNANDES BEZERRA',170.00,118.30,0.00),(3,6,36,702,'2012-01-01','PURAQUEQUARA VIII','ELI FERNANDES BEZERRA',0.00,128.11,0.00),(3,6,36,871,'2012-01-01','COLÔNIA NOVA ESPERANÇA','ELI FERNANDES BEZERRA',0.00,2835.53,0.00),(3,6,42,228,'2012-01-01','TABOCAL I','JOAO VALDEZ PINHEIRO SEABRA',0.00,0.00,0.00),(3,6,42,412,'2012-01-01','TABOCAL V','JOAO VALDEZ PINHEIRO SEABRA',0.00,0.00,0.00),(3,6,42,634,'2012-01-01','JATUARANA I','JOAO VALDEZ PINHEIRO SEABRA',0.00,0.00,0.00),(3,6,120,198,'2012-01-01','BRASILEIRINHO II','EDNELSON CAROLINO',615.00,-34.82,34.82),(3,6,120,218,'2012-01-01','BOA VISTA','EDNELSON CAROLINO',220.00,231.49,0.00),(3,6,120,663,'2012-01-01','BELA VISTA I','EDNELSON CAROLINO',750.00,48.47,0.00),(3,6,120,753,'2012-01-01','BELA VISTA II','EDNELSON CAROLINO',280.00,115.31,0.00),(3,6,120,792,'2012-01-01','BELA VISTA III','EDNELSON CAROLINO',245.00,-36.37,36.37),(3,6,120,874,'2012-01-01','BRASILEIRINHO V','EDNELSON CAROLINO',230.00,24.06,0.00),(3,6,120,973,'2012-01-01','BOA VISTA II','EDNELSON CAROLINO',0.00,0.00,0.00),(3,6,150,212,'2012-01-01','ANTÔNIO ALEIXO III','ERIVAN FERNANDO DA S. ATAIDE',1600.00,783.48,0.00),(3,6,150,214,'2012-01-01','ANTÔNIO ALEIXO V','ERIVAN FERNANDO DA S. ATAIDE',628.20,2269.74,0.00),(3,6,150,475,'2012-01-01','ANTÔNIO ALEIXO VIII','ERIVAN FERNANDO DA S. ATAIDE',0.00,959.58,0.00),(3,6,150,799,'2012-01-01','ANTÔNIO ALEIXO XI','ERIVAN FERNANDO DA S. ATAIDE',0.00,1097.80,0.00),(3,6,238,932,'2012-01-01','CONJUNTO CIDADÃO IX','PEDRO PAULO LEAL DOS SANTOS',0.00,0.00,0.00),(3,10,16,58,'2012-01-01','MAUÁ I','JOSÉ ALUÍSIO C. DO NASCIMENTO',1080.00,83.74,0.00),(3,10,16,76,'2012-01-01','MAUÁ II','JOSÉ ALUÍSIO C. DO NASCIMENTO',367.94,90.64,0.00),(3,10,16,243,'2012-01-01','MAUÁ III','JOSÉ ALUÍSIO C. DO NASCIMENTO',530.00,1130.23,0.00),(3,10,16,842,'2012-01-01','MAUÁ VII','JOSÉ ALUÍSIO C. DO NASCIMENTO',0.00,92.10,0.00),(3,10,32,89,'2012-01-01','ARMANDO MENDES I','PAULO FARIAS DA SILVA',200.00,42.70,0.00),(3,10,32,298,'2012-01-01','ARMANDO MENDES V','PAULO FARIAS DA SILVA',2502.39,1.44,0.00),(3,10,32,351,'2012-01-01','ARMANDO MENDES VII','PAULO FARIAS DA SILVA',2100.00,22.61,0.00),(3,10,32,361,'2012-01-01','ARMANDO MENDES VIII','PAULO FARIAS DA SILVA',3432.00,68.51,0.00),(3,10,32,492,'2012-01-01','ARMANDO MENDES X','PAULO FARIAS DA SILVA',5100.00,865.13,0.00),(3,10,32,567,'2012-01-01','ARMANDO MENDES II','PAULO FARIAS DA SILVA',0.00,11.72,0.00),(3,10,33,112,'2012-01-01','ZUMBI II','ANDERSSON NASCIMENTO BARRETO',0.00,958.06,0.00),(3,10,33,258,'2012-01-01','ZUMBI VIII','ANDERSSON NASCIMENTO BARRETO',350.00,288.91,0.00),(3,10,62,84,'2012-01-01','ZUMBI I','JOSÉ BUENAÑO BORGES',0.00,110.30,0.00),(3,10,62,108,'2012-01-01','ZUMBI XIX','JOSÉ BUENAÑO BORGES',1913.67,1338.47,0.00),(3,10,62,254,'2012-01-01','ZUMBI V','JOSÉ BUENAÑO BORGES',0.00,161.68,0.00),(3,10,64,125,'2012-01-01','VILA DA FELICIDADE','ISRAEL DA COSTA ARAUJO',0.00,55.77,0.00),(3,10,64,282,'2012-01-01','JERUSALÉM','ISRAEL DA COSTA ARAUJO',1500.00,171.47,0.00),(3,10,64,310,'2012-01-01','BOM JARDIM','ISRAEL DA COSTA ARAUJO',0.00,241.62,0.00),(3,10,64,380,'2012-01-01','PARQUE MAUÁ I','ISRAEL DA COSTA ARAUJO',0.00,421.14,0.00),(3,10,101,117,'2012-01-01','ZUMBI III','ENELY MACENA DE LIMA',151.00,4.63,0.00),(3,10,101,434,'2012-01-01','ZUMBI XI','ENELY MACENA DE LIMA',0.00,16.61,0.00),(3,10,101,477,'2012-01-01','ZUMBI XIII','ENELY MACENA DE LIMA',322.00,0.89,0.00),(3,10,101,508,'2012-01-01','ZUMBI XVI','ENELY MACENA DE LIMA',295.00,12.57,0.00),(3,10,102,155,'2012-01-01','ARMANDO MENDES IV','CLOVIS MONTEIRO DE SENA',1298.60,2.77,0.00),(3,10,102,334,'2012-01-01','ARMANDO MENDES VI','CLOVIS MONTEIRO DE SENA',158.70,36.62,0.00),(3,10,118,199,'2012-01-01','ZUMBI IV','RAIMUNDO PEREIRA DE SOUZA',0.00,63.27,0.00),(3,10,118,423,'2012-01-01','ZUMBI X','RAIMUNDO PEREIRA DE SOUZA',110.00,81.46,0.00),(3,10,118,447,'2012-01-01','ZUMBI XII','RAIMUNDO PEREIRA DE SOUZA',0.00,62.49,0.00),(3,10,133,390,'2012-01-01','PARQUE MAUÁ II','MANOEL CARNEIRO DE SOUZA',332.37,197.98,0.00),(3,10,133,481,'2012-01-01','JARDIM MAUÁ','MANOEL CARNEIRO DE SOUZA',400.00,145.62,0.00),(3,10,133,517,'2012-01-01','PARQUE MAUÁ III','MANOEL CARNEIRO DE SOUZA',2413.38,453.09,0.00),(3,10,133,683,'2012-01-01','JARDIM MAUÁ II','MANOEL CARNEIRO DE SOUZA',224.00,40.68,0.00),(3,10,133,758,'2012-01-01','JARDIM MAUÁ III','MANOEL CARNEIRO DE SOUZA',2755.35,630.23,0.00),(3,10,208,459,'2012-01-01','MAUÁ IV','JUVENCIO BARBOSA DO REGO',0.00,115.30,0.00),(3,10,208,588,'2012-01-01','MAUÁ VIII','JUVENCIO BARBOSA DO REGO',400.00,342.60,0.00),(3,10,209,690,'2012-01-01','MAUA V','PEDRO AUGUSTO ARAÚJO DE SOUZA',475.00,106.83,0.00),(3,10,209,851,'2012-01-01','MAUÁ VI','PEDRO AUGUSTO ARAÚJO DE SOUZA',600.00,107.42,0.00),(3,10,231,256,'2012-01-01','ZUMBI VII','WALMIR SARAIVA DE OLIVEIRA',115.53,60.86,0.00),(3,10,235,255,'2012-01-01','ZUMBI VI','JOAQUIM DE OLIVEIRA NETO',2750.83,1786.98,0.00),(3,10,235,478,'2012-01-01','ZUMBI XIV','JOAQUIM DE OLIVEIRA NETO',4883.88,431.78,0.00),(3,10,235,479,'2012-01-01','ZUMBI XV','JOAQUIM DE OLIVEIRA NETO',6014.44,302.45,0.00),(3,10,235,554,'2012-01-01','ZUMBI XVII','JOAQUIM DE OLIVEIRA NETO',1994.57,63.33,0.00),(3,10,235,701,'2012-01-01','ZUMBI XVIII','JOAQUIM DE OLIVEIRA NETO',1868.00,127.45,0.00),(3,10,288,146,'2012-01-01','ARMANDO MENDES III','REGINALDO REIS DE FIGUEREIDO',618.62,0.01,0.00),(3,10,288,394,'2012-01-01','ARMANDO MENDES IX','REGINALDO REIS DE FIGUEREIDO',661.45,21.71,0.00),(3,11,19,97,'2012-01-01','JORGE TEIXEIRA I','MANOEL MESSIAS S. DE OLIVEIRA',0.00,1102.67,0.00),(3,11,19,106,'2012-01-01','JORGE TEIXEIRA II','MANOEL MESSIAS S. DE OLIVEIRA',0.00,1143.29,0.00),(3,11,19,113,'2012-01-01','JORGE TEIXEIRA III','MANOEL MESSIAS S. DE OLIVEIRA',0.00,572.06,0.00),(3,11,19,295,'2012-01-01','JORGE TEIXEIRA XII','MANOEL MESSIAS S. DE OLIVEIRA',0.00,524.48,0.00),(3,11,19,353,'2012-01-01','JORGE TEIXEIRA XVIII','MANOEL MESSIAS S. DE OLIVEIRA',0.00,2075.50,0.00),(3,11,19,611,'2012-01-01','JORGE TEIXEIRA XXVI','MANOEL MESSIAS S. DE OLIVEIRA',0.00,600.00,0.00),(3,11,19,704,'2012-01-01','JORGE TEIXEIRA XXVII','MANOEL MESSIAS S. DE OLIVEIRA',0.00,338.73,0.00),(3,11,27,59,'2012-01-01','SÃO JOSÉ II','PEDRO CARVALHO DE MOURA',3674.00,-151.54,151.54),(3,11,27,66,'2012-01-01','SÃO JOSÉ I - 2ª ETAPA','PEDRO CARVALHO DE MOURA',785.00,41.29,0.00),(3,11,27,149,'2012-01-01','SÃO JOSÉ DOS CAMPOS I','PEDRO CARVALHO DE MOURA',451.00,29.23,0.00),(3,11,27,240,'2012-01-01','SÃO JOSÉ DOS CAMPOS II','PEDRO CARVALHO DE MOURA',625.39,74.04,0.00),(3,11,27,273,'2012-01-01','SÃO JOSÉ I - 2ª ETAPA II','PEDRO CARVALHO DE MOURA',225.00,124.61,0.00),(3,11,27,318,'2012-01-01','SÃO JOSÉ I - 2ª ETAPA III','PEDRO CARVALHO DE MOURA',0.00,-50.84,50.84),(3,11,27,319,'2012-01-01','SÃO JOSÉ II - 2','PEDRO CARVALHO DE MOURA',865.99,40.69,0.00),(3,11,47,136,'2012-01-01','JORGE TEIXEIRA IV','RAIMUNDO JURACI DOS S. FERREIRA',50.00,30.01,0.00),(3,11,47,261,'2012-01-01','JORGE TEIXEIRA VIII','RAIMUNDO JURACI DOS S. FERREIRA',90.00,25.77,0.00),(3,11,47,307,'2012-01-01','JORGE TEIXEIRA XIII','RAIMUNDO JURACI DOS S. FERREIRA',160.00,15.13,0.00),(3,11,47,489,'2012-01-01','JORGE TEIXEIRA X','RAIMUNDO JURACI DOS S. FERREIRA',435.00,128.87,0.00),(3,11,53,188,'2012-01-01','JORGE TEIXEIRA VI','MOISES MOTA DA SILVA',0.00,-133.76,133.76),(3,11,53,516,'2012-01-01','JORGE TEIXEIRA XXII','MOISES MOTA DA SILVA',0.00,669.45,0.00),(3,11,53,602,'2012-01-01','JORGE TEIXEIRA XXIV','MOISES MOTA DA SILVA',0.00,312.83,0.00),(3,11,53,647,'2012-01-01','JORGE TEIXEIRA XXVIII','MOISES MOTA DA SILVA',0.00,986.13,0.00),(3,11,53,755,'2012-01-01','JORGE TEIXEIRA XXIX','MOISES MOTA DA SILVA',0.00,572.84,0.00),(3,11,103,264,'2012-01-01','JORGE TEIXEIRA IX','JUDIMAR MONTEIRO DE SOUZA',1076.16,8.41,0.00),(3,11,104,143,'2012-01-01','JORGE TEIXEIRA V','LUCIVALDO VALENTE LEITÃO',0.01,295.56,0.00),(3,11,104,347,'2012-01-01','JORGE TEIXEIRA XVII','LUCIVALDO VALENTE LEITÃO',546.00,31.58,0.00),(3,11,141,428,'2012-01-01','COLÔNIA CHICO MENDES','MARCOS ANDRE RODRIGUES DE MELO',71.00,0.82,0.00),(3,11,141,445,'2012-01-01','COLÔNIA CHICO MENDES II','MARCOS ANDRE RODRIGUES DE MELO',86.00,16.98,0.00),(3,11,153,268,'2012-01-01','VALPARAISO','SILVA SILVA DE OLIVEIRA',3.78,140.86,0.00),(3,11,153,321,'2012-01-01','JORGE TEIXEIRA XIV','SILVA SILVA DE OLIVEIRA',31.97,260.56,0.00),(3,11,153,446,'2012-01-01','VALPARAÍSO II','SILVA SILVA DE OLIVEIRA',14.40,13.16,0.00),(3,11,153,655,'2012-01-01','VALPARAISO III','SILVA SILVA DE OLIVEIRA',10.38,20.25,0.00),(3,11,229,280,'2012-01-01','JORGE TEIXEIRA XI','ENILTON CARLOS S. DOS SANTOS',50.00,3.99,0.00),(3,11,229,560,'2012-01-01','JORGE TEIXEIRA XXIII','ENILTON CARLOS S. DOS SANTOS',60.00,14.48,0.00),(3,11,236,432,'2012-01-01','COLÔNIA NOVA ESPERANÇA','DERLILSON SOBRINHO SILVA',5.33,58.68,0.00),(3,11,252,349,'2012-01-01','SANTA INÊS I','RICARDO AYRES COIMBRA',209.26,0.00,0.00),(3,11,252,464,'2012-01-01','SANTA INÊS III','RICARDO AYRES COIMBRA',290.27,0.01,0.00),(3,11,252,657,'2012-01-01','SANTA INES VII','RICARDO AYRES COIMBRA',195.24,1.00,0.00),(3,11,253,388,'2012-01-01','SANTA INÊS II','ELIAZAR SANTANA LEITE DA COSTA',702.99,2.31,0.00),(3,11,253,597,'2012-01-01','SANTA INÊS IV','ELIAZAR SANTANA LEITE DA COSTA',322.44,1.30,0.00),(3,11,253,659,'2012-01-01','SANTA INES VI','ELIAZAR SANTANA LEITE DA COSTA',412.10,0.19,0.00),(3,11,256,488,'2012-01-01','CIDADE ALTA','REGILSON DA SILVA LEONEL',0.00,3.25,0.00),(3,11,256,888,'2012-01-01','RENOVO','REGILSON DA SILVA LEONEL',247.00,11.51,0.00),(3,11,299,618,'2012-01-01','JORGE TEIXEIRA VII','CLEBSON BARBOSA DA SILVA',1314.00,20.48,0.00),(3,11,303,658,'2012-01-01','JORGE TEIXEIRA XXI','ADIVAL RODRIGUES DE SOUZA',65.00,63.14,0.00),(3,12,20,82,'2012-01-01','TANCREDO NEVES I','JOÃO LUIZ LOPES RIBEIRO',20950.00,16511.45,0.00),(3,12,20,281,'2012-01-01','TANCREDO NEVES VI','JOÃO LUIZ LOPES RIBEIRO',9887.35,6624.40,0.00),(3,12,20,595,'2012-01-01','TANCREDO NEVES IX','JOÃO LUIZ LOPES RIBEIRO',750.00,1258.88,0.00),(3,12,20,953,'2012-01-01','TANCREDO NEVES XV','JOÃO LUIZ LOPES RIBEIRO',150.00,515.27,0.00),(3,12,20,966,'2012-01-01','TANCREDO NEVES XVI','JOÃO LUIZ LOPES RIBEIRO',0.00,0.00,0.00),(3,12,51,163,'2012-01-01','NOVA FLORESTA I','JOÃO BATISTA DO NASCIMENTO',4261.71,9179.39,0.00),(3,12,51,187,'2012-01-01','NOVA FLORESTA II','JOÃO BATISTA DO NASCIMENTO',0.00,4.68,0.00),(3,12,51,320,'2012-01-01','NOVA FLORESTA III','JOÃO BATISTA DO NASCIMENTO',861.13,466.06,0.00),(3,12,51,372,'2012-01-01','NOVA FLORESTA IV','JOÃO BATISTA DO NASCIMENTO',1162.95,670.54,0.00),(3,12,51,485,'2012-01-01','NOVA FLORESTA V','JOÃO BATISTA DO NASCIMENTO',3603.91,10197.04,0.00),(3,12,51,502,'2012-01-01','NOVA FLORESTA VI','JOÃO BATISTA DO NASCIMENTO',1391.12,200.99,0.00),(3,12,73,237,'2012-01-01','JOÃO PAULO V','JEFSSON ALEXANDRE G. DA SILVA',11.00,26.23,0.00),(3,12,73,275,'2012-01-01','JOÃO PAULO IV','JEFSSON ALEXANDRE G. DA SILVA',0.00,28.50,0.00),(3,12,73,448,'2012-01-01','JOÃO PAULO III','JEFSSON ALEXANDRE G. DA SILVA',0.00,9.30,0.00),(3,12,73,561,'2012-01-01','JOÃO PAULO VI','JEFSSON ALEXANDRE G. DA SILVA',0.00,46.24,0.00),(3,12,73,841,'2012-01-01','JOÃO PAULO X','JEFSSON ALEXANDRE G. DA SILVA',0.00,51.02,0.00),(3,12,74,332,'2012-01-01','JORGE TEIXEIRA XV','CARLOS JAIR B. DE MESQUITA',3625.38,878.94,0.00),(3,12,74,346,'2012-01-01','JORGE TEIXEIRA XVI','CARLOS JAIR B. DE MESQUITA',3826.89,604.00,0.00),(3,12,74,363,'2012-01-01','JORGE TEIXEIRA XIX','CARLOS JAIR B. DE MESQUITA',2318.53,907.23,0.00),(3,12,74,482,'2012-01-01','BAIRRO NOVO I','CARLOS JAIR B. DE MESQUITA',3060.00,629.80,0.00),(3,12,74,677,'2012-01-01','BAIRRO NOVO III','CARLOS JAIR B. DE MESQUITA',1190.00,1014.86,0.00),(3,12,74,723,'2012-01-01','JORGE TEIXEIRA XXV','CARLOS JAIR B. DE MESQUITA',1852.00,1142.59,0.00),(3,12,95,130,'2012-01-01','VALE DO IPIRANGA','JOAQUIM FILHO DE CASTRO ROLIM',35.04,35.27,0.00),(3,12,95,296,'2012-01-01','JOÃO PAULO II','JOAQUIM FILHO DE CASTRO ROLIM',8.11,0.19,0.00),(3,12,95,359,'2012-01-01','JOÃO PAULO IX','JOAQUIM FILHO DE CASTRO ROLIM',23.46,1.77,0.00),(3,12,95,771,'2012-01-01','JOÃO PAULO XI','JOAQUIM FILHO DE CASTRO ROLIM',6.27,0.18,0.00),(3,12,119,727,'2012-01-01','NOVA VITORIA II','WILSON MOREIRA DA SILVA',115.00,5.76,0.00),(3,12,119,756,'2012-01-01','NOVA VITÓRIA I','WILSON MOREIRA DA SILVA',276.00,51.34,0.00),(3,12,119,794,'2012-01-01','NOVA VITÓRIA VI','WILSON MOREIRA DA SILVA',150.00,971.24,0.00),(3,12,119,832,'2012-01-01','NOVA VITORIA VII','WILSON MOREIRA DA SILVA',730.00,2.20,0.00),(3,12,134,795,'2012-01-01','NOVA VITÓRIA IV','AIRTON LUIZ B. DE OLIVEIRA',30.00,96.25,0.00),(3,12,134,796,'2012-01-01','NOVA VITÓRIA V','AIRTON LUIZ B. DE OLIVEIRA',150.00,13.21,0.00),(3,12,134,831,'2012-01-01','NOVA VITORIA VIII','AIRTON LUIZ B. DE OLIVEIRA',158.00,26.64,0.00),(3,12,134,848,'2012-01-01','NOVA VITORIA X','AIRTON LUIZ B. DE OLIVEIRA',580.00,35.07,0.00),(3,12,142,87,'2012-01-01','TANCREDO NEVES II','VAN CARNECK DIAS SOBRINHO',2944.00,36.36,0.00),(3,12,142,263,'2012-01-01','TANCREDO NEVES V','VAN CARNECK DIAS SOBRINHO',1190.45,5.30,0.00),(3,12,142,510,'2012-01-01','TANCREDO NEVES VIII','VAN CARNECK DIAS SOBRINHO',2183.59,27.38,0.00),(3,12,142,654,'2012-01-01','TANCREDO NEVES X','VAN CARNECK DIAS SOBRINHO',360.05,11.85,0.00),(3,12,143,133,'2012-01-01','TANCREDO NEVES III','MARCOS DE ARAUJO VIANA',1112.00,-40.38,40.38),(3,12,143,181,'2012-01-01','TANCREDO NEVES IV','MARCOS DE ARAUJO VIANA',2166.00,0.38,0.00),(3,12,143,476,'2012-01-01','TANCREDO NEVES VII','MARCOS DE ARAUJO VIANA',3597.04,0.40,0.00),(3,12,143,875,'2012-01-01','TANCREDO NEVES XI','MARCOS DE ARAUJO VIANA',1700.00,11.45,0.00),(3,12,143,876,'2012-01-01','TANCREDO NEVES XII','MARCOS DE ARAUJO VIANA',235.00,0.95,0.00),(3,12,143,919,'2012-01-01','TANCREDO NEVES XIV','MARCOS DE ARAUJO VIANA',0.00,0.02,0.00),(3,12,161,137,'2012-01-01','BRASILEIRINHO I','ITAMAR ALVES DE SOUZA',0.00,21.84,0.00),(3,12,161,384,'2012-01-01','BRASILEIRINHO III','ITAMAR ALVES DE SOUZA',254.00,13.27,0.00),(3,12,161,402,'2012-01-01','BRASILEIRINHO IV','ITAMAR ALVES DE SOUZA',0.00,39.49,0.00),(3,12,161,606,'2012-01-01','RAMAL DO BRASILEIRINHO V','ITAMAR ALVES DE SOUZA',0.00,0.53,0.00),(3,12,240,449,'2012-01-01','JOÃO PAULO I','JOSÉ GILSON MACHADO DA SILVA',9.00,145.72,0.00),(3,12,240,686,'2012-01-01','JOÃO PAULO VIII','JOSÉ GILSON MACHADO DA SILVA',0.00,59.40,0.00),(3,12,251,918,'2012-01-01','TANCREDO NEVES XIII','FRANCISCO NOGUEIRA VIANA SOBRINHO',0.00,12.20,0.00),(3,12,254,770,'2012-01-01','NOVA VITÓRIA III','FRANCIMAR LEAO DE LIMA',0.00,1611.51,0.00),(3,12,254,845,'2012-01-01','NOVA VITORIA IX','FRANCIMAR LEAO DE LIMA',4500.00,6442.98,0.00),(4,13,2,8,'2012-01-01','SÃO JORGE I','LEVI FRANCISCO SANTANA',1350.00,-79.81,79.81),(4,13,2,41,'2012-01-01','VILA DA PRATA','LEVI FRANCISCO SANTANA',2600.00,-274.33,274.33),(4,13,2,336,'2012-01-01','JARDIM DOS BARÉS','LEVI FRANCISCO SANTANA',950.00,136.72,0.00),(4,13,2,553,'2012-01-01','VILA DA PRATA II','LEVI FRANCISCO SANTANA',0.00,14.81,0.00),(4,13,2,622,'2012-01-01','AV. SÃO JORGE','LEVI FRANCISCO SANTANA',300.00,57.07,0.00),(4,13,28,26,'2012-01-01','SANTO ANTONIO II','WANDERLEY JOAQUIM M. SEABRA',2656.00,2224.35,0.00),(4,13,28,46,'2012-01-01','SANTO ANTONIO I','WANDERLEY JOAQUIM M. SEABRA',31469.00,4584.49,0.00),(4,13,28,352,'2012-01-01','TENDA - AVENIDA BRASIL','WANDERLEY JOAQUIM M. SEABRA',227.00,1110.29,0.00),(4,13,28,379,'2012-01-01','SANTO ANTONIO III','WANDERLEY JOAQUIM M. SEABRA',5964.64,2077.58,0.00),(4,13,68,127,'2012-01-01','VITÓRIA RÉGIA','CRISPINIANO DE JESUS SANTOS',1510.00,16.88,0.00),(4,13,111,565,'2012-01-01','CENTRO EVANGELÍSTICO BOAS NOVAS','JOSÉ NELSON O. DOS SANTOS',0.00,2247.38,0.00),(4,13,122,39,'2012-01-01','GLÓRIA','JOÃO ROSIO SALES GOMES',1050.00,67.95,0.00),(4,13,157,172,'2012-01-01','SÃO GERALDO I','JOSÉ ELDAIR DE SOUZA MARTINS',410.00,340.92,0.00),(4,13,157,594,'2012-01-01','SÃO GERALDO II','JOSÉ ELDAIR DE SOUZA MARTINS',300.00,1300.35,0.00),(4,13,157,631,'2012-01-01','SÃO GERALDO III','JOSÉ ELDAIR DE SOUZA MARTINS',0.00,1145.69,0.00),(4,13,164,32,'2012-01-01','SÃO RAIMUNDO','PAULO JORGE LOPES DE SOUZA',4200.00,358.16,0.00),(4,13,165,10,'2012-01-01','UMARIZAL','OSMAR CONCEIÇÃO DAMASCENO',1813.00,1499.27,0.00),(4,13,165,158,'2012-01-01','AREAL','OSMAR CONCEIÇÃO DAMASCENO',1000.00,410.77,0.00),(4,13,223,766,'2012-01-01','SÃO JORGE IV','GERSON BENTES DA COSTA',410.00,86.57,0.00),(4,13,224,121,'2012-01-01','SÃO JORGE II','MARCOS SIDNEI DE SOUZA DIAS',1200.00,1119.75,0.00),(4,13,224,641,'2012-01-01','SAO JORGE III','MARCOS SIDNEI DE SOUZA DIAS',0.00,145.58,0.00),(4,13,273,884,'2012-01-01','GLÓRIA II','ALESSANDRO DOURADO MARINHO',0.00,0.00,0.00),(4,14,4,18,'2012-01-01','COMPENSA I','RAIMUNDO NONATO CHAGAS',3500.00,640.68,0.00),(4,14,4,19,'2012-01-01','COMPENSA II','RAIMUNDO NONATO CHAGAS',56177.60,1309.31,0.00),(4,14,4,399,'2012-01-01','TENDA - COMPENSA XIV','RAIMUNDO NONATO CHAGAS',350.00,177.09,0.00),(4,14,4,900,'2012-01-01','COMPENSA XVII','RAIMUNDO NONATO CHAGAS',0.00,0.00,0.00),(4,14,29,14,'2012-01-01','SANTO AGOSTINHO I','ORANDIR RODRIGUES RABELO',5805.02,697.34,0.00),(4,14,29,171,'2012-01-01','SANTO AGOSTINHO III','ORANDIR RODRIGUES RABELO',0.00,68.39,0.00),(4,14,29,308,'2012-01-01','SANTO AGOSTINHO IV','ORANDIR RODRIGUES RABELO',2070.00,360.18,0.00),(4,14,29,422,'2012-01-01','SANTO AGOSTINHO V','ORANDIR RODRIGUES RABELO',0.00,287.06,0.00),(4,14,39,47,'2012-01-01','COMPENSA V','EDILSON VIEIRA DA COSTA',3440.82,3330.12,0.00),(4,14,39,64,'2012-01-01','COMPENSA VI','EDILSON VIEIRA DA COSTA',360.00,994.85,0.00),(4,14,39,395,'2012-01-01','COMPENSA XIII','EDILSON VIEIRA DA COSTA',0.00,1721.40,0.00),(4,14,56,75,'2012-01-01','VILA MARINHO I','ALFREDO FERREIRA DE OLIVEIRA',17068.65,6912.40,0.00),(4,14,92,526,'2012-01-01','IGREJA DA FUND. BOAS NOVAS','FRANCISCO ROCHA FERNANDES',45750.19,650.93,0.00),(4,14,114,286,'2012-01-01','COMPENSA XI','GETÚLIO LIRA FERREIRA',0.00,2174.68,0.00),(4,14,158,40,'2012-01-01','COMPENSA IV','JOSÉ FERREIRA ALVES',548.00,46.65,0.00),(4,14,158,224,'2012-01-01','COMPENSA X','JOSÉ FERREIRA ALVES',4371.43,79.47,0.00),(4,14,159,54,'2012-01-01','PARQUE ARUANÃ','JOSÉ LIRA DOS SANTOS',7249.45,2.00,0.00),(4,14,162,25,'2012-01-01','COMPENSA III','JOZIEL RODRIGUES DE SOUZA',0.00,18.33,0.00),(4,14,163,323,'2012-01-01','COMPENSA XII','CLEODOMAR DA SILVA FREITAS',635.00,151.52,0.00),(4,14,163,709,'2012-01-01','COMPENSA XV','CLEODOMAR DA SILVA FREITAS',270.00,850.89,0.00),(4,14,181,65,'2012-01-01','SANTO AGOSTINHO II','DARLAN DE SOUZA BARBOSA',145.12,1.17,0.00),(4,14,181,438,'2012-01-01','SANTO AGOSTINHO VI','DARLAN DE SOUZA BARBOSA',4027.38,0.09,0.00),(4,14,182,145,'2012-01-01','COMPENSA VII','JESSIVALDO SILVA DOS SANTOS',5615.00,590.74,0.00),(4,14,182,191,'2012-01-01','COMPENSA IX','JESSIVALDO SILVA DOS SANTOS',1379.05,26.20,0.00),(4,14,183,182,'2012-01-01','COMPENSA VIII','ARLEM SILVA DO NASCIMENTO',541.00,3.13,0.00),(4,14,183,715,'2012-01-01','COMPENSA XVI','ARLEM SILVA DO NASCIMENTO',2225.00,8.17,0.00),(4,14,291,190,'2012-01-01','VILA MARINHO II','CLAUDIO JOSE DA SILVA',11345.00,3542.19,0.00),(4,14,292,754,'2012-01-01','VILA MARINHO III','JOSÉ VIEIRA CARDOSO',5836.57,662.75,0.00),(4,14,293,970,'2012-01-01','VILA MARINHO IV','ANTÔNIO MÁRCIO N. DA SILVA',0.00,0.00,0.00),(4,15,8,34,'2012-01-01','REDENÇÃO I','VALRIR RAMOS DA SILVA',1056.64,889.43,0.00),(4,15,8,306,'2012-01-01','REDENÇÃO XV','VALRIR RAMOS DA SILVA',292.24,399.16,0.00),(4,15,8,326,'2012-01-01','REDENÇÃO VIII','VALRIR RAMOS DA SILVA',605.00,719.21,0.00),(4,15,8,409,'2012-01-01','REDENÇÃO IX','VALRIR RAMOS DA SILVA',5354.00,282.13,0.00),(4,15,8,593,'2012-01-01','REDENÇÃO XII','VALRIR RAMOS DA SILVA',1450.00,318.18,0.00),(4,15,8,858,'2012-01-01','REDENÇÃO XIV','VALRIR RAMOS DA SILVA',350.00,222.73,0.00),(4,15,79,110,'2012-01-01','REDENÇÃO IV','ANTONIO GOMES DE MORAES',9323.00,61.52,0.00),(4,15,79,144,'2012-01-01','MONTE CALVÁRIO','ANTONIO GOMES DE MORAES',300.00,1939.50,0.00),(4,15,79,305,'2012-01-01','REDENÇÃO VII','ANTONIO GOMES DE MORAES',2780.00,645.78,0.00),(4,15,79,509,'2012-01-01','SANTOS DUMONT','ANTONIO GOMES DE MORAES',6798.82,2998.38,0.00),(4,15,79,616,'2012-01-01','REDENÇÃO XIII','ANTONIO GOMES DE MORAES',1100.00,352.82,0.00),(4,15,80,51,'2012-01-01','REDENÇÃO II','JOÃO DE DEUS DOMINGOS DA SILVA',4500.00,759.16,0.00),(4,15,80,60,'2012-01-01','HILÉIA','JOÃO DE DEUS DOMINGOS DA SILVA',33062.60,1442.50,0.00),(4,15,80,69,'2012-01-01','REDENÇÃO III','JOÃO DE DEUS DOMINGOS DA SILVA',3753.83,92.08,0.00),(4,15,80,169,'2012-01-01','REDENÇÃO V','JOÃO DE DEUS DOMINGOS DA SILVA',3407.00,56.16,0.00),(4,15,80,576,'2012-01-01','REDENÇÃO X','JOÃO DE DEUS DOMINGOS DA SILVA',3051.00,533.32,0.00),(4,15,80,585,'2012-01-01','REDENÇÃO XI','JOÃO DE DEUS DOMINGOS DA SILVA',2500.00,1068.61,0.00),(4,15,80,937,'2012-01-01','REDENÇÃO XVI','JOÃO DE DEUS DOMINGOS DA SILVA',280.00,33.69,0.00),(4,15,156,988,'2012-01-01','TORQUATO TAPAJOS','MANOEL SOUSA NETO',0.00,0.00,0.00),(4,15,232,195,'2012-01-01','REDENÇÃO VI','JOÃO ADRIANO FERNANDES DA SILVA',4380.00,50.45,0.00),(4,15,232,939,'2012-01-01','REDENÇÃO XVII','JOÃO ADRIANO FERNANDES DA SILVA',0.00,9.32,0.00),(4,15,233,803,'2012-01-01','EDUARDO GOMES','SÓSTENES VIEIRA DA SILVA',15295.00,386.59,0.00),(4,16,6,13,'2012-01-01','ALVORADA I','SALES VIEIRA MARQUES',6000.00,167.83,0.00),(4,16,6,17,'2012-01-01','ALVORADA II','SALES VIEIRA MARQUES',7546.30,33.14,0.00),(4,16,6,36,'2012-01-01','ALVORADA V','SALES VIEIRA MARQUES',2418.92,150.84,0.00),(4,16,6,104,'2012-01-01','ALVORADA VI','SALES VIEIRA MARQUES',5918.00,281.41,0.00),(4,16,6,233,'2012-01-01','ALVORADA VII','SALES VIEIRA MARQUES',6163.87,788.48,0.00),(4,16,6,289,'2012-01-01','ALVORADA XII','SALES VIEIRA MARQUES',878.00,269.42,0.00),(4,16,6,433,'2012-01-01','ALVORADA XIII','SALES VIEIRA MARQUES',560.00,66.44,0.00),(4,16,40,43,'2012-01-01','DOM PEDRO I','WALDEMIR DOS SANTOS NOBRE',240.00,796.56,0.00),(4,16,40,90,'2012-01-01','DOM PEDRO II','WALDEMIR DOS SANTOS NOBRE',947.46,148.71,0.00),(4,16,40,115,'2012-01-01','PARQUE JERUSALÉM I','WALDEMIR DOS SANTOS NOBRE',49.98,935.35,0.00),(4,16,40,170,'2012-01-01','PEDRO TEIXEIRA','WALDEMIR DOS SANTOS NOBRE',7490.00,255.28,0.00),(4,16,40,862,'2012-01-01','TROPICAL','WALDEMIR DOS SANTOS NOBRE',2999.75,162.59,0.00),(4,16,46,20,'2012-01-01','ALVORADA III','PAULO GILVAN SERRÃO',4203.02,-38.53,38.53),(4,16,46,35,'2012-01-01','ALVORADA IV','PAULO GILVAN SERRÃO',18.74,273.66,0.00),(4,16,46,234,'2012-01-01','ALVORADA VIII','PAULO GILVAN SERRÃO',360.00,1484.85,0.00),(4,16,46,259,'2012-01-01','ALVORADA IX','PAULO GILVAN SERRÃO',0.00,1789.04,0.00),(4,16,46,267,'2012-01-01','ALVORADA X','PAULO GILVAN SERRÃO',268.78,346.08,0.00),(4,16,46,270,'2012-01-01','ALVORADA XI','PAULO GILVAN SERRÃO',0.00,1239.84,0.00),(4,16,81,466,'2012-01-01','CONJUNTO KISSIA','ANTONIO SAMUEL PETROLA FEITOSA',23.00,1245.01,0.00),(4,16,250,241,'2012-01-01','PARQUE JERUSALÉM II','JOAO PEREIRA DE ANDRADE',5230.00,818.66,0.00),(4,19,10,122,'2012-01-01','TARUMÃ I','FRANCISCO CHAGAS DE O. PONTES',0.00,0.42,0.00),(4,19,10,123,'2012-01-01','TARUMÃ II','FRANCISCO CHAGAS DE O. PONTES',0.00,2.68,0.00),(4,19,10,322,'2012-01-01','BANCREVEA','FRANCISCO CHAGAS DE O. PONTES',0.00,0.62,0.00),(4,19,10,420,'2012-01-01','BETE - SEÃ I','FRANCISCO CHAGAS DE O. PONTES',0.00,0.59,0.00),(4,19,10,453,'2012-01-01','BETE - SEÃ II','FRANCISCO CHAGAS DE O. PONTES',0.00,1.27,0.00),(4,19,10,566,'2012-01-01','BETE - SEÃ III','FRANCISCO CHAGAS DE O. PONTES',0.00,0.63,0.00),(4,19,10,825,'2012-01-01','BETE SEÃ IV','FRANCISCO CHAGAS DE O. PONTES',0.00,0.68,0.00),(4,19,83,207,'2012-01-01','KM 15','JACOB PACOVA MACHADO',0.00,0.02,0.00),(4,19,83,208,'2012-01-01','IGARAPÉ DO LEÃO','JACOB PACOVA MACHADO',0.00,0.01,0.00),(4,19,83,355,'2012-01-01','RAMAL KM 15','JACOB PACOVA MACHADO',0.00,0.03,0.00),(4,19,83,454,'2012-01-01','COMUNIDADE SÃO JOÃO ( KM 04 I','JACOB PACOVA MACHADO',0.00,0.18,0.00),(4,19,83,455,'2012-01-01','KM 04 II','JACOB PACOVA MACHADO',0.00,0.55,0.00),(4,19,83,534,'2012-01-01','RAMAL DO CASTANHAL','JACOB PACOVA MACHADO',0.00,0.01,0.00),(4,19,83,624,'2012-01-01','RAMAL CANAÃ - KM 12','JACOB PACOVA MACHADO',0.00,0.00,0.00),(4,19,112,231,'2012-01-01','JULIÃO','GILBERTO QUADROS DE OLIVEIRA',0.00,0.00,0.00),(4,19,112,277,'2012-01-01','FÁTIMA','GILBERTO QUADROS DE OLIVEIRA',0.00,0.00,0.00),(4,19,112,278,'2012-01-01','LIVRAMENTO','GILBERTO QUADROS DE OLIVEIRA',0.00,0.00,0.00),(4,19,112,314,'2012-01-01','AGRO VILA','GILBERTO QUADROS DE OLIVEIRA',0.00,0.00,0.00),(4,19,112,358,'2012-01-01','TUPÉ','GILBERTO QUADROS DE OLIVEIRA',0.00,0.00,0.00),(4,19,112,635,'2012-01-01','COMUNIDADE SÃO SEBASTIÃO','GILBERTO QUADROS DE OLIVEIRA',0.00,0.00,0.00),(4,19,112,642,'2012-01-01','EBENÉZER','GILBERTO QUADROS DE OLIVEIRA',0.00,0.00,0.00),(4,19,112,853,'2012-01-01','VAI QUEM QUER','GILBERTO QUADROS DE OLIVEIRA',0.00,2.25,0.00),(4,19,121,98,'2012-01-01','KM 12','MIQUEIAS MACHADO PONTES',0.00,0.32,0.00),(4,19,121,716,'2012-01-01','SAO PEDRO I','MIQUEIAS MACHADO PONTES',0.00,3.76,0.00),(4,19,121,730,'2012-01-01','SAO PEDRO II','MIQUEIAS MACHADO PONTES',0.00,0.28,0.00),(4,19,121,731,'2012-01-01','SAO PEDRO III','MIQUEIAS MACHADO PONTES',0.00,1.42,0.00),(4,19,121,793,'2012-01-01','SÃO PEDRO IV','MIQUEIAS MACHADO PONTES',0.00,1.42,0.00),(4,19,121,818,'2012-01-01','SÃO PEDRO V','MIQUEIAS MACHADO PONTES',0.00,10.54,0.00),(4,19,121,819,'2012-01-01','SÃO PEDRO VI','MIQUEIAS MACHADO PONTES',0.00,0.77,0.00),(4,19,131,691,'2012-01-01','COMUNIDADE NOVA CANAÃ I','ANTONIO SILVINO DOS SANTOS',0.00,987.56,0.00),(4,19,131,713,'2012-01-01','RIO BRANQUINHO','ANTONIO SILVINO DOS SANTOS',0.00,1000.78,0.00),(4,19,131,816,'2012-01-01','TARUMÃ','ANTONIO SILVINO DOS SANTOS',0.00,1279.53,0.00),(4,19,131,817,'2012-01-01','COMUNIDADE NOVA CANAÃ II','ANTONIO SILVINO DOS SANTOS',0.00,865.82,0.00),(4,19,131,938,'2012-01-01','RIO BRANQUINHO II','ANTONIO SILVINO DOS SANTOS',0.00,461.97,0.00),(4,19,135,674,'2012-01-01','PARQUE RIACHUELO','PAULO SÉRGIO CHAVES QUINCÓ',500.00,27.89,0.00),(4,19,135,732,'2012-01-01','PARQUE RIACHUELO II','PAULO SÉRGIO CHAVES QUINCÓ',1542.00,494.46,0.00),(4,19,135,822,'2012-01-01','PARQUE RIACHUELO III','PAULO SÉRGIO CHAVES QUINCÓ',1327.00,601.71,0.00),(4,19,136,650,'2012-01-01','PARQUE SOLIMOES I','HUMBERTO ANDRADE P. FILHO',0.00,86.45,0.00),(4,19,136,673,'2012-01-01','ESPLANADA','HUMBERTO ANDRADE P. FILHO',100.00,1874.49,0.00),(4,19,136,733,'2012-01-01','PARQUE SOLIMOES II','HUMBERTO ANDRADE P. FILHO',1500.00,479.09,0.00),(4,19,136,807,'2012-01-01','PARQUE SOLIMÕES III','HUMBERTO ANDRADE P. FILHO',3901.70,934.08,0.00),(4,19,136,808,'2012-01-01','PARQUE SOLIMÕES IV','HUMBERTO ANDRADE P. FILHO',434.62,2045.24,0.00),(4,19,147,827,'2012-01-01','CENTUR I','CALEBE DE OLIVEIRA E SILVA',380.00,1241.16,0.00),(4,19,147,828,'2012-01-01','JARDIM FRIBURGO','CALEBE DE OLIVEIRA E SILVA',250.00,316.36,0.00),(4,19,149,341,'2012-01-01','CLÁUDIO MESQUITA','ADERALDO BATISTA PINTO',1792.00,688.03,0.00),(4,19,149,645,'2012-01-01','ISMAIL AZIS','ADERALDO BATISTA PINTO',2483.00,271.24,0.00),(4,19,149,680,'2012-01-01','23 DE SETEMBRO','ADERALDO BATISTA PINTO',2258.00,119.54,0.00),(4,19,149,681,'2012-01-01','KM 03','ADERALDO BATISTA PINTO',1248.50,62.12,0.00),(4,19,195,230,'2012-01-01','MARAVILHA','EURIDISON MARQUES DE PAULA',0.00,0.00,0.00),(4,19,195,232,'2012-01-01','MAPIDIAU','EURIDISON MARQUES DE PAULA',0.00,0.00,0.00),(4,19,195,253,'2012-01-01','IGARAPÉ-AÇU','EURIDISON MARQUES DE PAULA',0.00,0.00,0.00),(4,19,195,348,'2012-01-01','URUAÚ','EURIDISON MARQUES DE PAULA',0.00,0.00,0.00),(4,19,195,387,'2012-01-01','IGARAPÉ AÇUZINHO','EURIDISON MARQUES DE PAULA',0.00,0.00,0.00),(4,19,195,854,'2012-01-01','LOURAL','EURIDISON MARQUES DE PAULA',0.00,0.00,0.00),(4,19,195,857,'2012-01-01','CHITA','EURIDISON MARQUES DE PAULA',0.00,0.00,0.00),(4,19,195,864,'2012-01-01','APUAÚ','EURIDISON MARQUES DE PAULA',0.00,0.00,0.00),(4,19,195,941,'2012-01-01','SANTA IZABEL','EURIDISON MARQUES DE PAULA',0.00,0.00,0.00),(4,19,195,957,'2012-01-01','COSTA DO UBIM','EURIDISON MARQUES DE PAULA',0.00,0.00,0.00),(4,19,195,960,'2012-01-01','IGARAPÉ DO MOURA ( MONTE SINAI )','EURIDISON MARQUES DE PAULA',0.00,0.00,0.00),(4,19,195,971,'2012-01-01','RIO CUIEIRAS','EURIDISON MARQUES DE PAULA',0.00,0.00,0.00),(4,19,197,452,'2012-01-01','CAMPO SALES I','MOISES MACHADO PONTES',0.00,0.82,0.00),(4,19,197,552,'2012-01-01','CAMPO SALES II','MOISES MACHADO PONTES',0.00,0.66,0.00),(4,19,197,574,'2012-01-01','CAMPO SALES III','MOISES MACHADO PONTES',0.00,1.23,0.00),(4,19,197,637,'2012-01-01','CAMPO SALES IV','MOISES MACHADO PONTES',0.00,0.43,0.00),(4,19,197,643,'2012-01-01','CAMPO SALES V','MOISES MACHADO PONTES',0.00,0.60,0.00),(4,19,197,644,'2012-01-01','CAMPO SALES VI','MOISES MACHADO PONTES',0.00,1.28,0.00),(4,19,197,826,'2012-01-01','CAMPO SALES VII','MOISES MACHADO PONTES',0.00,0.59,0.00),(4,19,212,628,'2012-01-01','PARAISO TROPICAL','ADELMO AZEVEDO SANTOS',575.76,190.48,0.00),(4,19,212,821,'2012-01-01','PARQUE RIACHUELO IV','ADELMO AZEVEDO SANTOS',1500.00,107.98,0.00),(4,19,213,917,'2012-01-01','NOVA BENÇÃO','OLIVEIRA CUNHA DA SILVA',0.00,0.00,0.00),(4,19,264,589,'2012-01-01','RAMAL SÃO FRANCISCO II','AMADOR BARBOSA RODRIGUES',0.00,5.55,0.00),(4,19,264,791,'2012-01-01','COMUNIDADE NOVA JERUSALEM','AMADOR BARBOSA RODRIGUES',0.00,0.06,0.00),(4,19,264,836,'2012-01-01','RAMAL ZF1 - KM 06','AMADOR BARBOSA RODRIGUES',0.00,0.04,0.00),(4,19,275,533,'2012-01-01','PAU ROSA','DIONES DA SILVA COSTA',0.00,0.08,0.00),(4,19,275,712,'2012-01-01','RAMAL CRISTO REI','DIONES DA SILVA COSTA',0.00,0.02,0.00),(4,19,275,743,'2012-01-01','PAU ROSA II','DIONES DA SILVA COSTA',0.00,0.04,0.00),(4,19,275,745,'2012-01-01','RAMAL DA COOPERATIVA II','DIONES DA SILVA COSTA',0.00,0.01,0.00),(4,19,275,763,'2012-01-01','RAMAL BOA VIDA','DIONES DA SILVA COSTA',0.00,0.01,0.00),(4,19,276,206,'2012-01-01','RAMAL DO CANIÇO','FRANCISCO FERNANDES DE SOUZA',0.00,140.02,0.00),(4,19,276,529,'2012-01-01','RAMAL DA COOPERATIVA','FRANCISCO FERNANDES DE SOUZA',0.00,133.75,0.00),(4,19,276,638,'2012-01-01','RAMAL DO BURITI','FRANCISCO FERNANDES DE SOUZA',0.00,227.02,0.00),(4,19,276,711,'2012-01-01','RAMAL DA BANANA','FRANCISCO FERNANDES DE SOUZA',0.00,34.06,0.00),(4,19,276,762,'2012-01-01','RAMAL DOS TRÊS GALHOS','FRANCISCO FERNANDES DE SOUZA',0.00,0.01,0.00),(4,20,18,56,'2012-01-01','LÍRIO DO VALE I','RAIMUNDO DA SILVA TORRES',0.00,25.05,0.00),(4,20,18,257,'2012-01-01','LÍRIO DO VALE III','RAIMUNDO DA SILVA TORRES',150.00,-150.95,150.95),(4,20,18,525,'2012-01-01','LÍRIO DO VALE VIII','RAIMUNDO DA SILVA TORRES',71.00,120.58,0.00),(4,20,48,50,'2012-01-01','NOVA ESPERANÇA I','ALDENOR BEZERRA DO VALE',1810.59,5000.16,0.00),(4,20,48,288,'2012-01-01','NOVA ESPERANÇA V','ALDENOR BEZERRA DO VALE',2060.36,0.88,0.00),(4,20,48,309,'2012-01-01','NOVA ESPERANÇA VI','ALDENOR BEZERRA DO VALE',4102.54,23.88,0.00),(4,20,60,85,'2012-01-01','LÍRIO DO VALE II','JACOB MARTINS PAIVA',0.00,1994.60,0.00),(4,20,60,333,'2012-01-01','LÍRIO DO VALE IV','JACOB MARTINS PAIVA',211.24,816.44,0.00),(4,20,60,377,'2012-01-01','LÍRIO DO VALE V','JACOB MARTINS PAIVA',0.00,3672.56,0.00),(4,20,60,444,'2012-01-01','LÍRIO DO VALE VI','JACOB MARTINS PAIVA',0.00,1969.47,0.00),(4,20,60,844,'2012-01-01','LIRIO DO VALE X','JACOB MARTINS PAIVA',0.00,1620.15,0.00),(4,20,137,53,'2012-01-01','NOVA ESPERANÇA III','NILTON DAVID ALVES',110.00,137.09,0.00),(4,20,137,70,'2012-01-01','NOVA ESPERANÇA II','NILTON DAVID ALVES',465.00,373.90,0.00),(4,20,137,157,'2012-01-01','NOVA ESPERANÇA IV','NILTON DAVID ALVES',650.00,25.05,0.00),(4,20,193,490,'2012-01-01','LÍRIO DO VALE VII','JOSEMAR SANTOS DE SANTANA',176.93,14.56,0.00),(4,20,193,632,'2012-01-01','LÍRIO DO VALE IX','JOSEMAR SANTOS DE SANTANA',0.00,32.22,0.00),(4,20,194,705,'2012-01-01','NOVA ESPERANÇA VII','AUGUSTO CÉSAR DA C. GOMES',41.48,21.82,0.00),(4,26,30,55,'2012-01-01','AJURICABA','FRANCISCO MANOEL DIAS BOTELHO',0.00,93.46,0.00),(4,26,30,74,'2012-01-01','BAIRRO DA PAZ I','FRANCISCO MANOEL DIAS BOTELHO',0.00,58.35,0.00),(4,26,30,91,'2012-01-01','BAIRRO DA PAZ II','FRANCISCO MANOEL DIAS BOTELHO',0.00,32.50,0.00),(4,26,30,339,'2012-01-01','JARDIM DO ÉDEM','FRANCISCO MANOEL DIAS BOTELHO',0.00,156.55,0.00),(4,26,30,751,'2012-01-01','BAIRRO DA PAZ III','FRANCISCO MANOEL DIAS BOTELHO',0.00,356.51,0.00),(4,26,139,88,'2012-01-01','BELVEDERE','JOSÉ FELIPE DE ARAÚJO SILVA',0.00,3.48,0.00),(4,26,140,180,'2012-01-01','JARDIM VERSALES','IVAN CARDOSO DA CUNHA',6886.04,4484.51,0.00),(4,26,187,460,'2012-01-01','CAMPOS ELÍSEOS','DAVI TAUMATURGO DA MATA SOUZA',7487.51,24234.20,0.00);
/*!40000 ALTER TABLE `rel_fin_saldo_congregacao` ENABLE KEYS */;
UNLOCK TABLES;

--
-- Table structure for table `saa_perfil`
--

DROP TABLE IF EXISTS `saa_perfil`;
/*!40101 SET @saved_cs_client     = @@character_set_client */;
/*!40101 SET character_set_client = utf8 */;
CREATE TABLE `saa_perfil` (
  `id_perfil` bigint(20) NOT NULL AUTO_INCREMENT,
  `imagem` varchar(60) NOT NULL,
  `nome` varchar(30) NOT NULL,
  `id_sistema` bigint(20) DEFAULT NULL,
  PRIMARY KEY (`id_perfil`),
  KEY `FK_4hy4snh41hywvhfpa8omdlnqm` (`id_sistema`),
  CONSTRAINT `FK_4hy4snh41hywvhfpa8omdlnqm` FOREIGN KEY (`id_sistema`) REFERENCES `saa_sistema` (`id_sistema`)
) ENGINE=InnoDB AUTO_INCREMENT=5 DEFAULT CHARSET=utf8;
/*!40101 SET character_set_client = @saved_cs_client */;

--
-- Dumping data for table `saa_perfil`
--

LOCK TABLES `saa_perfil` WRITE;
/*!40000 ALTER TABLE `saa_perfil` DISABLE KEYS */;
INSERT INTO `saa_perfil` VALUES (1,'resources/imagens/perfil/menu_sec.png','SECRETARIA',2),(2,'resources/imagens/perfil/menu_tes.png','TESOURARIA',2),(3,'resources/imagens/perfil/menu_adm.png','ADMINISTRATIVO',2),(4,'resources/imagens/perfil/menu_config.png','CONFIGURAÇÃO',2);
/*!40000 ALTER TABLE `saa_perfil` ENABLE KEYS */;
UNLOCK TABLES;

--
-- Table structure for table `saa_perfil_rotina`
--

DROP TABLE IF EXISTS `saa_perfil_rotina`;
/*!40101 SET @saved_cs_client     = @@character_set_client */;
/*!40101 SET character_set_client = utf8 */;
CREATE TABLE `saa_perfil_rotina` (
  `data` datetime DEFAULT NULL,
  `id_perfil` bigint(20) NOT NULL DEFAULT '0',
  `id_rotina` bigint(20) NOT NULL DEFAULT '0',
  PRIMARY KEY (`id_perfil`,`id_rotina`),
  KEY `FK_kh4c63uwlsyajnqj66sv6btu5` (`id_perfil`),
  KEY `FK_4ey8g8nxrvbs411mm26qda1bf` (`id_rotina`),
  CONSTRAINT `FK_4ey8g8nxrvbs411mm26qda1bf` FOREIGN KEY (`id_rotina`) REFERENCES `saa_rotina` (`id_rotina`),
  CONSTRAINT `FK_kh4c63uwlsyajnqj66sv6btu5` FOREIGN KEY (`id_perfil`) REFERENCES `saa_perfil` (`id_perfil`)
) ENGINE=InnoDB DEFAULT CHARSET=utf8;
/*!40101 SET character_set_client = @saved_cs_client */;

--
-- Dumping data for table `saa_perfil_rotina`
--

LOCK TABLES `saa_perfil_rotina` WRITE;
/*!40000 ALTER TABLE `saa_perfil_rotina` DISABLE KEYS */;
INSERT INTO `saa_perfil_rotina` VALUES (NULL,1,10),(NULL,1,11),(NULL,1,12),(NULL,1,13),(NULL,2,1),(NULL,2,2),(NULL,3,7),(NULL,3,8),(NULL,4,9),(NULL,4,14),(NULL,4,15),(NULL,4,16);
/*!40000 ALTER TABLE `saa_perfil_rotina` ENABLE KEYS */;
UNLOCK TABLES;

--
-- Table structure for table `saa_rotina`
--

DROP TABLE IF EXISTS `saa_rotina`;
/*!40101 SET @saved_cs_client     = @@character_set_client */;
/*!40101 SET character_set_client = utf8 */;
CREATE TABLE `saa_rotina` (
  `id_rotina` bigint(20) NOT NULL AUTO_INCREMENT,
  `acao` varchar(100) NOT NULL,
  `imagem` varchar(100) NOT NULL,
  `nome` varchar(100) NOT NULL,
  `status` tinyint(4) NOT NULL,
  `id_sistema` bigint(20) DEFAULT NULL,
  PRIMARY KEY (`id_rotina`),
  KEY `FK_54mvu1oxkbqkwg0ifkj9867ar` (`id_sistema`),
  CONSTRAINT `FK_54mvu1oxkbqkwg0ifkj9867ar` FOREIGN KEY (`id_sistema`) REFERENCES `saa_sistema` (`id_sistema`)
) ENGINE=InnoDB AUTO_INCREMENT=17 DEFAULT CHARSET=utf8;
/*!40101 SET character_set_client = @saved_cs_client */;

--
-- Dumping data for table `saa_rotina`
--

LOCK TABLES `saa_rotina` WRITE;
/*!40000 ALTER TABLE `saa_rotina` DISABLE KEYS */;
INSERT INTO `saa_rotina` VALUES (1,'relatorioSaldoCongregacao.init','resources/imagens/rotina/bt_SC.png','SALDO DA CONGREGAÇÃO',0,2),(2,'relatorioProventoPastoral.init','resources/imagens/rotina/bt_PP.png','PROVENTO PASTORAL',0,2),(3,'relatorioDebitoFinanceiro.init','resources/imagens/rotina/bt_DF.png','DÉBITO FINANCEIRO',0,2),(4,'relatorioCentroCusto.init','resources/imagens/rotina/bt_CC.png','CENTRO DE CUSTO',0,2),(5,'relatorioNadaConsta.init','resources/imagens/rotina/coins.png','NADA CONSTA',0,2),(6,'relatorioSaldoDepartamento.init','resources/imagens/rotina/bt_SD.png','SALDO DEPARTAMENTAL',0,2),(7,'relatorioBalanceteAnalitico.init','resources/imagens/rotina/gold_bullion.png','BALANCETE ANALITICO',0,2),(8,'relatorioBalanceteSintetico.init','resources/imagens/rotina/invoice.png','BALANCETE SINTÉTICO',0,2),(9,'usuarioControlador.init','resources/imagens/rotina/invoice.png','CADASTRO DE MEMBROS',0,2),(10,'relatorioDebitoPastoral.init','resources/imagens/rotina/bt_DP.png','DÉBITO PASTORAL',0,2),(11,'relatorioEstatistico.init','resources/imagens/rotina/gold_bullion.png','ESTATISTICO',0,2),(12,'relatorioDebitoSecretaria.init','resources/imagens/rotina/credit_card.png','DÉBITO SECRETARIA',0,2),(13,'relatorioMembro.init','resources/imagens/rotina/credit_card.png','MEMBROS',0,2),(14,'rotinaControlador.init','resources/imagens/rotina/credit_card.png','CADASTRO DE ROTINAS',0,2),(15,'perfilControlador.init','resources/imagens/rotina/gold_bullion.png','CADASTRO DE PERFIL',0,2),(16,'usuarioControlador.init','resources/imagens/rotina/gold_bullion.png','CADASTRO DE USUARIO',0,2);
/*!40000 ALTER TABLE `saa_rotina` ENABLE KEYS */;
UNLOCK TABLES;

--
-- Table structure for table `saa_sistema`
--

DROP TABLE IF EXISTS `saa_sistema`;
/*!40101 SET @saved_cs_client     = @@character_set_client */;
/*!40101 SET character_set_client = utf8 */;
CREATE TABLE `saa_sistema` (
  `id_sistema` bigint(20) NOT NULL AUTO_INCREMENT,
  `codigo` varchar(6) NOT NULL,
  `descricao` varchar(200) NOT NULL,
  `imagem` varchar(100) NOT NULL,
  `nome` varchar(100) NOT NULL,
  PRIMARY KEY (`id_sistema`),
  UNIQUE KEY `UK_ghac1kmyt6ytqt8bxwmxy0dfb` (`codigo`)
) ENGINE=InnoDB AUTO_INCREMENT=3 DEFAULT CHARSET=utf8;
/*!40101 SET character_set_client = @saved_cs_client */;

--
-- Dumping data for table `saa_sistema`
--

LOCK TABLES `saa_sistema` WRITE;
/*!40000 ALTER TABLE `saa_sistema` DISABLE KEYS */;
INSERT INTO `saa_sistema` VALUES (1,'SAA','SISTEMA DE AUTENTICAÇÃO E AUTORIZAÇÃO','IIII','SISTEMA DE AUTENTICAÇÃO E AUTORIZAÇÃO'),(2,'IEADAM','SISTEMA DE EMISSÃO DE RELATORIO','III','SISTEMA DE EMISSÃO DE RELATORIO');
/*!40000 ALTER TABLE `saa_sistema` ENABLE KEYS */;
UNLOCK TABLES;

--
-- Table structure for table `saa_usuario`
--

DROP TABLE IF EXISTS `saa_usuario`;
/*!40101 SET @saved_cs_client     = @@character_set_client */;
/*!40101 SET character_set_client = utf8 */;
CREATE TABLE `saa_usuario` (
  `id_usuario` bigint(20) NOT NULL AUTO_INCREMENT,
  `login` varchar(30) DEFAULT NULL,
  `senha` varchar(255) DEFAULT NULL,
  `status` char(1) NOT NULL,
  `area` tinyint(1) DEFAULT NULL,
  `nucleo` tinyint(1) DEFAULT NULL,
  `zona` tinyint(1) DEFAULT NULL,
  `id_membro` bigint(20) DEFAULT NULL,
  PRIMARY KEY (`id_usuario`),
  UNIQUE KEY `UK_ckrgsi99ta2s36tkydejud4wy` (`login`),
  KEY `FK_b3rhxokdblq7r0odmdbker692` (`id_membro`)
) ENGINE=InnoDB AUTO_INCREMENT=24 DEFAULT CHARSET=utf8;
/*!40101 SET character_set_client = @saved_cs_client */;

--
-- Dumping data for table `saa_usuario`
--

LOCK TABLES `saa_usuario` WRITE;
/*!40000 ALTER TABLE `saa_usuario` DISABLE KEYS */;
INSERT INTO `saa_usuario` VALUES (1,'admin','admin','A',1,0,0,6963),(2,'zona','zona','A',0,0,1,1707),(4,'nucleo','nucleo','A',1,1,1,NULL),(5,'area','area','A',1,0,0,NULL),(6,'user6','user6','A',1,1,1,NULL),(7,'user7','user7','A',0,0,0,NULL),(8,'user8','user8','A',1,1,1,NULL),(9,'user9','user9','A',1,1,1,NULL),(10,'user10','user10','A',1,0,0,NULL),(11,'user11','user11','A',1,1,1,NULL),(12,'user12','user12','A',0,0,0,NULL),(13,'user13','user13','A',1,1,1,NULL),(14,'user14','user14','A',1,0,0,NULL),(15,'user15','user15','A',1,1,1,NULL),(16,'user16','user16','A',0,0,0,NULL),(17,'user17','user17','A',1,1,1,NULL),(18,'user18','user18','A',1,1,1,NULL),(19,'user19','user19','A',1,0,0,NULL),(20,'user20','user20','A',1,1,1,NULL),(21,'user21','user21','A',0,0,0,NULL),(22,'user22','user22','A',1,1,1,NULL),(23,'user23','user23','A',1,0,0,NULL);
/*!40000 ALTER TABLE `saa_usuario` ENABLE KEYS */;
UNLOCK TABLES;

--
-- Table structure for table `saa_usuario_perfil`
--

DROP TABLE IF EXISTS `saa_usuario_perfil`;
/*!40101 SET @saved_cs_client     = @@character_set_client */;
/*!40101 SET character_set_client = utf8 */;
CREATE TABLE `saa_usuario_perfil` (
  `data` datetime DEFAULT NULL,
  `id_perfil` bigint(20) NOT NULL DEFAULT '0',
  `id_usuario` bigint(20) NOT NULL DEFAULT '0',
  PRIMARY KEY (`id_perfil`,`id_usuario`),
  KEY `FK_fpjsxglutlk7m5aho59hito8q` (`id_perfil`),
  KEY `FK_ooqm83bohskwfg89ng9g3kgra` (`id_usuario`),
  CONSTRAINT `FK_fpjsxglutlk7m5aho59hito8q` FOREIGN KEY (`id_perfil`) REFERENCES `saa_perfil` (`id_perfil`),
  CONSTRAINT `FK_ooqm83bohskwfg89ng9g3kgra` FOREIGN KEY (`id_usuario`) REFERENCES `saa_usuario` (`id_usuario`)
) ENGINE=InnoDB DEFAULT CHARSET=utf8;
/*!40101 SET character_set_client = @saved_cs_client */;

--
-- Dumping data for table `saa_usuario_perfil`
--

LOCK TABLES `saa_usuario_perfil` WRITE;
/*!40000 ALTER TABLE `saa_usuario_perfil` DISABLE KEYS */;
INSERT INTO `saa_usuario_perfil` VALUES (NULL,2,1),(NULL,4,1);
/*!40000 ALTER TABLE `saa_usuario_perfil` ENABLE KEYS */;
UNLOCK TABLES;

--
-- Dumping routines for database 'sgr'
--
/*!50003 DROP PROCEDURE IF EXISTS `proc_rel_fin_saldo_congregacao` */;
/*!50003 SET @saved_cs_client      = @@character_set_client */ ;
/*!50003 SET @saved_cs_results     = @@character_set_results */ ;
/*!50003 SET @saved_col_connection = @@collation_connection */ ;
/*!50003 SET character_set_client  = utf8 */ ;
/*!50003 SET character_set_results = utf8 */ ;
/*!50003 SET collation_connection  = utf8_general_ci */ ;
/*!50003 SET @saved_sql_mode       = @@sql_mode */ ;
/*!50003 SET sql_mode              = 'STRICT_TRANS_TABLES,NO_AUTO_CREATE_USER,NO_ENGINE_SUBSTITUTION' */ ;
DELIMITER ;;
CREATE DEFINER=`root`@`localhost` PROCEDURE `proc_rel_fin_saldo_congregacao`(p_dt_mes_ano date,p_id_zona int, p_id_nucleo int, p_id_area int, p_id_congregacao int)
BEGIN
	if (p_id_congregacao > 0) then
		select 
		zona.nome as 'zona',
		supervidor.nome as 'supervisor',
		secretario.nome as 'secretario',
		coordenador.nome as 'coordenador',
		nucleo.nome as 'nucleo',
		rel.id_area as 'id_area',
		rel.id_nucleo as 'id_nucleo',
		rel.id_zona as 'id_zona',
		rel.id_congregacao as 'id_congregacao',
		rel.dt_mes_ano,
		rel.nm_pastor,
		rel.nm_congregacao,
		rel.vl_retiradas,
		rel.vl_saldo,
		rel.vl_saldo_negativo

		from rel_fin_saldo_congregacao as rel
		join ieadam_area as area on area.id_area = rel.id_area
		join ieadam_nucleo as nucleo on nucleo.id_nucleo = rel.id_nucleo
		join ieadam_zona as zona on zona.id_zona = rel.id_zona
		join ieadam_membro as supervidor on supervidor.id_membro = zona.id_primeiro_resp
		join ieadam_membro as secretario on secretario.id_membro = zona.id_segundo_resp
		join ieadam_membro as coordenador on coordenador.id_membro = nucleo.id_coordenador

		where rel.dt_mes_ano like p_dt_mes_ano and rel.id_congregacao = p_id_congregacao;
   elseif (p_id_area > 0) then
       select 
		zona.nome as 'zona',
		supervidor.nome as 'supervisor',
		secretario.nome as 'secretario',
		coordenador.nome as 'coordenador',
		nucleo.nome as 'nucleo',
		rel.id_area as 'id_area',
		rel.id_nucleo as 'id_nucleo',
		rel.id_zona as 'id_zona',
		rel.id_congregacao as 'id_congregacao',
		rel.dt_mes_ano,
		rel.nm_pastor,
		rel.nm_congregacao,
		rel.vl_retiradas,
		rel.vl_saldo,
		rel.vl_saldo_negativo

		from rel_fin_saldo_congregacao as rel
		join ieadam_area as area on area.id_area = rel.id_area
		join ieadam_nucleo as nucleo on nucleo.id_nucleo = rel.id_nucleo
		join ieadam_zona as zona on zona.id_zona = rel.id_zona
		join ieadam_membro as supervidor on supervidor.id_membro = zona.id_primeiro_resp
		join ieadam_membro as secretario on secretario.id_membro = zona.id_segundo_resp
		join ieadam_membro as coordenador on coordenador.id_membro = nucleo.id_coordenador

		where rel.dt_mes_ano like p_dt_mes_ano and rel.id_area = p_id_area;
   elseif (p_id_nucleo > 0) then
       select 
		zona.nome as 'zona',
		supervidor.nome as 'supervisor',
		secretario.nome as 'secretario',
		coordenador.nome as 'coordenador',
		nucleo.nome as 'nucleo',
		rel.id_area as 'id_area',
		rel.id_nucleo as 'id_nucleo',
		rel.id_zona as 'id_zona',
		rel.id_congregacao as 'id_congregacao',
		rel.dt_mes_ano,
		rel.nm_pastor,
		rel.nm_congregacao,
		rel.vl_retiradas,
		rel.vl_saldo,
		rel.vl_saldo_negativo

		from rel_fin_saldo_congregacao as rel
		join ieadam_area as area on area.id_area = rel.id_area
		join ieadam_nucleo as nucleo on nucleo.id_nucleo = rel.id_nucleo
		join ieadam_zona as zona on zona.id_zona = rel.id_zona
		join ieadam_membro as supervidor on supervidor.id_membro = zona.id_primeiro_resp
		join ieadam_membro as secretario on secretario.id_membro = zona.id_segundo_resp
		join ieadam_membro as coordenador on coordenador.id_membro = nucleo.id_coordenador
		
		where rel.dt_mes_ano like p_dt_mes_ano and rel.id_nucleo = p_id_nucleo;
	else 
       select 
		zona.nome as 'zona',
		supervidor.nome as 'supervisor',
		secretario.nome as 'secretario',
		coordenador.nome as 'coordenador',
		nucleo.nome as 'nucleo',
		rel.id_area as 'id_area',
		rel.id_nucleo as 'id_nucleo',
		rel.id_zona as 'id_zona',
		rel.id_congregacao as 'id_congregacao',
		rel.dt_mes_ano,
		rel.nm_pastor,
		rel.nm_congregacao,
		rel.vl_retiradas,
		rel.vl_saldo,
		rel.vl_saldo_negativo

		from rel_fin_saldo_congregacao as rel
		join ieadam_area as area on area.id_area = rel.id_area
		join ieadam_nucleo as nucleo on nucleo.id_nucleo = rel.id_nucleo
		join ieadam_zona as zona on zona.id_zona = rel.id_zona
		join ieadam_membro as supervidor on supervidor.id_membro = zona.id_primeiro_resp
		join ieadam_membro as secretario on secretario.id_membro = zona.id_segundo_resp
		join ieadam_membro as coordenador on coordenador.id_membro = nucleo.id_coordenador
		
		where rel.dt_mes_ano like p_dt_mes_ano and rel.id_zona = p_id_zona;
   end if;
END ;;
DELIMITER ;
/*!50003 SET sql_mode              = @saved_sql_mode */ ;
/*!50003 SET character_set_client  = @saved_cs_client */ ;
/*!50003 SET character_set_results = @saved_cs_results */ ;
/*!50003 SET collation_connection  = @saved_col_connection */ ;
/*!40103 SET TIME_ZONE=@OLD_TIME_ZONE */;

/*!40101 SET SQL_MODE=@OLD_SQL_MODE */;
/*!40014 SET FOREIGN_KEY_CHECKS=@OLD_FOREIGN_KEY_CHECKS */;
/*!40014 SET UNIQUE_CHECKS=@OLD_UNIQUE_CHECKS */;
/*!40101 SET CHARACTER_SET_CLIENT=@OLD_CHARACTER_SET_CLIENT */;
/*!40101 SET CHARACTER_SET_RESULTS=@OLD_CHARACTER_SET_RESULTS */;
/*!40101 SET COLLATION_CONNECTION=@OLD_COLLATION_CONNECTION */;
/*!40111 SET SQL_NOTES=@OLD_SQL_NOTES */;

-- Dump completed on 2014-04-01 12:45:39
